Workbook

Sheet Yeterlilik
J1: PROSES VE MAKİNE YETERLİLİĞİ · PROSES | AK1: Dok. No | AN1: FR24
AK2: Y. Tarihi | AN2: 02.01.2023
AK3: Rev. No | AN3: 01 / 25.08.2026
AK4: Sayfa | AN4: 1 / 1
A7: ÖLÇÜM DEĞERLERİ (125 adet · Kumpas) | J7: TANIMLAMA
A8: i | B8: xi | C8: i | D8: xi | E8: i | F8: xi | J8: Ürün
A9: 1 | C9: 51 | E9: 101 | J9: Müşteri
A10: 2 | C10: 52 | E10: 102 | J10: Teknik resim
A11: 3 | C11: 53 | E11: 103 | J11: Karakteristik
A12: 4 | C12: 54 | E12: 104 | J12: Ölçüm aleti
A13: 5 | C13: 55 | E13: 105 | J13: Sorumlu
A14: 6 | C14: 56 | E14: 106 | J14: Tarih
A15: 7 | C15: 57 | E15: 107 | J15: Birim
A16: 8 | C16: 58 | E16: 108
A17: 9 | C17: 59 | E17: 109 | J17: ŞARTNAME
A18: 10 | C18: 60 | E18: 110 | J18: Nominal değer
A19: 11 | C19: 61 | E19: 111 | J19: Alt limit (LSL)
A20: 12 | C20: 62 | E20: 112 | J20: Üst limit (USL)
A21: 13 | C21: 63 | E21: 113 | J21: Tolerans | N21: =N20-N19
A22: 14 | C22: 64 | E22: 114
A23: 15 | C23: 65 | E23: 115 | J23: İSTATİSTİK (canlı formül)
A24: 16 | C24: 66 | E24: 116 | J24: Örnek sayısı n | N24: =COUNT(B9:B58,D9:D58,F9:F33)
A25: 17 | C25: 67 | E25: 117 | J25: Ortalama | N25: =IF($N$24=0,"",AVERAGE(B9:B58,D9:D58,F9:F33))
A26: 18 | C26: 68 | E26: 118 | J26: Medyan | N26: =IF($N$24=0,"",MEDIAN(B9:B58,D9:D58,F9:F33))
A27: 19 | C27: 69 | E27: 119 | J27: En küçük | N27: =IF($N$24=0,"",MIN(B9:B58,D9:D58,F9:F33))
A28: 20 | C28: 70 | E28: 120 | J28: En büyük | N28: =IF($N$24=0,"",MAX(B9:B58,D9:D58,F9:F33))
A29: 21 | C29: 71 | E29: 121 | J29: Yayılım R | N29: =IF($N$24=0,"",MAX(B9:B58,D9:D58,F9:F33)-MIN(B9:B58,D9:D58,F9:F33))
A30: 22 | C30: 72 | E30: 122 | J30: Std. sapma s | N30: =IF($N$24<2,"",STDEV(B9:B58,D9:D58,F9:F33))
A31: 23 | C31: 73 | E31: 123 | J31: Anderson-Darling | N31: =IF(veri!$AK$1="","yetersiz veri (n<8)","A² = "&ROUND(veri!$AK$1,3)&" · kritik %5 = 0.752")
A32: 24 | C32: 74 | E32: 124 | J32: Dağılım | N32: =IF(veri!$AK$1="","—",IF(veri!$AK$1<=0.752,"normal","normal DEĞİL"))
A33: 25 | C33: 75 | E33: 125
A34: 26 | C34: 76 | J34: YETERLİLİK (dağılıma göre düzeltilmiş — rapor değeri)
A35: 27 | C35: 77 | J35: Cpkl (alt yan) | N35: =IF($N$24=0,"",IF($N$30=0,"",IF($N$32="normal",($N$25-$N$19)/(3*$N$30),IF((MEDIAN(veri!$B$2:$B$126)-PERCENTILE(veri!$B$2:$B$126,0.00135))<=0,"",(MEDIAN(veri!$B$2:$B$126)-$N$19)/(MEDIAN(veri!$B$2:$B$126)-PERCENTILE(veri!$B$2:$B$126,0.00135))))))
A36: 28 | C36: 78 | J36: Cpku (üst yan) | N36: =IF($N$24=0,"",IF($N$30=0,"",IF($N$32="normal",($N$20-$N$25)/(3*$N$30),IF((PERCENTILE(veri!$B$2:$B$126,0.99865)-MEDIAN(veri!$B$2:$B$126))<=0,"",($N$20-MEDIAN(veri!$B$2:$B$126))/(PERCENTILE(veri!$B$2:$B$126,0.99865)-MEDIAN(veri!$B$2:$B$126))))))
A37: 29 | C37: 79 | J37: Cp | N37: =IF($N$24=0,"",IF($N$30=0,"",IF($N$32="normal",($N$20-$N$19)/(6*$N$30),IF((PERCENTILE(veri!$B$2:$B$126,0.99865)-PERCENTILE(veri!$B$2:$B$126,0.00135))<=0,"",($N$20-$N$19)/(PERCENTILE(veri!$B$2:$B$126,0.99865)-PERCENTILE(veri!$B$2:$B$126,0.00135))))))
A38: 30 | C38: 80 | J38: Cpk | N38: =IF(AND($N$35="",$N$36=""),"",IF($N$35="",$N$36,IF($N$36="",$N$35,MIN($N$35,$N$36))))
A39: 31 | C39: 81 | J39: Pp | N39: =$N$37
A40: 32 | C40: 82 | J40: Ppk | N40: =$N$38
A41: 33 | C41: 83 | J41: Yöntem | N41: =IF($N$32="normal","normal dağılım (Cp/Cpk = 6s)","yüzdelik (ISO 22514-2) — dağılım normal değil")
A42: 34 | C42: 84
A43: 35 | C43: 85 | J43: ="DEĞERLENDİRME: "&IF($N$38="","—",IF($N$38>=1.67,"YETERLİ",IF($N$38>=1.33,"ŞARTLI KABUL","YETERSİZ")))&" (Cpk = "&IF($N$38="","—",ROUND($N$38,2))&")"
A44: 36 | C44: 86
A45: 37 | C45: 87 | J45: SINIR DIŞI BEKLENTİSİ (ppm)
A46: 38 | C46: 88 | J46: Hesaplanan < LSL | N46: =IF($N$30=0,"",NORMSDIST(($N$19-$N$25)/$N$30)*1000000)
A47: 39 | C47: 89 | J47: Hesaplanan > USL | N47: =IF($N$30=0,"",(1-NORMSDIST(($N$20-$N$25)/$N$30))*1000000)
A48: 40 | C48: 90 | J48: Hesaplanan toplam | N48: =IF($N$46="","",$N$46+$N$47)
A49: 41 | C49: 91 | J49: Gözlenen (örnekte) | N49: =IF($N$24=0,"",(COUNTIF(veri!$B$2:$B$126,"<"&$N$19)+COUNTIF(veri!$B$2:$B$126,">"&$N$20))/$N$24*1000000)
A50: 42 | C50: 92
A51: 43 | C51: 93 | J51: Kabul: Cpk ≥ 1,67 yeterli · 1,33–1,67 müşteri temsilcisiyle gözden geçirilir · < 1,33 yetersiz (AIAG PPAP 2.2.11)
A52: 44 | C52: 94
A53: 45 | C53: 95
A54: 46 | C54: 96
A55: 47 | C55: 97
A56: 48 | C56: 98
A57: 49 | C57: 99
A58: 50 | C58: 100

Sheet veri
AD1: =IF(Yeterlilik!$N$24=0,Yeterlilik!$N$19,MIN(MIN($B$2:$B$126),Yeterlilik!$N$19)) | AE1: =IF(Yeterlilik!$N$24=0,Yeterlilik!$N$20,MAX(MAX($B$2:$B$126),Yeterlilik!$N$20)) | AF1: =($AE$1-$AD$1)/15 | AK1: =IF(Yeterlilik!$N$24<8,"",(-Yeterlilik!$N$24-SUM($AI$2:$AI$126)/Yeterlilik!$N$24)*(1+0.75/Yeterlilik!$N$24+2.25/Yeterlilik!$N$24^2)) | AM1: =(Yeterlilik!$N$19+Yeterlilik!$N$20)/2
A2: =IF(B2="","",1) | B2: =IF(Yeterlilik!$B$9="","",Yeterlilik!$B$9) | D2: =1 | E2: =Yeterlilik!$N$19 | F2: =Yeterlilik!$N$20 | G2: =Yeterlilik!$N$25 | H2: =Yeterlilik!$N$25-3*Yeterlilik!$N$30 | I2: =Yeterlilik!$N$25+3*Yeterlilik!$N$30 | K2: =$AD$1+0*$AF$1 | L2: =0 | N2: =$AD$1+0*(($AE$1-$AD$1)/119) | O2: =IF(Yeterlilik!$N$30=0,0,Yeterlilik!$N$24*$AF$1*NORMDIST(N2,Yeterlilik!$N$25,Yeterlilik!$N$30,FALSE)) | Q2: =0 | R2: =Yeterlilik!$N$19 | S2: =Yeterlilik!$N$20 | T2: =Yeterlilik!$N$18 | U2: =Yeterlilik!$N$25-3*Yeterlilik!$N$30 | V2: =Yeterlilik!$N$25+3*Yeterlilik!$N$30 | X2: =IF(1>Yeterlilik!$N$24,"",SMALL($B$2:$B$126,1)) | Y2: =IF(X2="","",NORMSINV((1-0.375)/(Yeterlilik!$N$24+0.25))) | AA2: =Yeterlilik!$N$25-3*Yeterlilik!$N$30 | AB2: =-3 | AH2: =IF(X2="","",NORMSDIST((X2-Yeterlilik!$N$25)/Yeterlilik!$N$30)) | AI2: =IF(OR(X2="",AH2<=0,AH2>=1),0,(1*2-1)*(LN(AH2)+LN(1-INDEX($AH$2:$AH$126,Yeterlilik!$N$24+1-1)))) | AM2: =IF(B2="",NA(),B2-$AM$1) | AN2: =E2-$AM$1 | AO2: =F2-$AM$1 | AP2: =G2-$AM$1 | AQ2: =H2-$AM$1 | AR2: =I2-$AM$1 | AS2: =K2-$AM$1 | AT2: =N2-$AM$1 | AU2: =R2-$AM$1 | AV2: =S2-$AM$1 | AW2: =IF(Yeterlilik!$N$18="",NA(),T2-$AM$1) | AX2: =U2-$AM$1 | AY2: =V2-$AM$1 | AZ2: =IF(X2="",NA(),X2-$AM$1) | BA2: =AA2-$AM$1 | BB2: =IF(Y2="",NA(),Y2)
A3: =IF(B3="","",2) | B3: =IF(Yeterlilik!$B$10="","",Yeterlilik!$B$10) | D3: =125 | E3: =Yeterlilik!$N$19 | F3: =Yeterlilik!$N$20 | G3: =Yeterlilik!$N$25 | H3: =Yeterlilik!$N$25-3*Yeterlilik!$N$30 | I3: =Yeterlilik!$N$25+3*Yeterlilik!$N$30 | K3: =$AD$1+0*$AF$1 | L3: =COUNTIFS($B$2:$B$126,">="&$AD$1+0*$AF$1,$B$2:$B$126,"<"&$AD$1+1*$AF$1) | N3: =$AD$1+1*(($AE$1-$AD$1)/119) | O3: =IF(Yeterlilik!$N$30=0,0,Yeterlilik!$N$24*$AF$1*NORMDIST(N3,Yeterlilik!$N$25,Yeterlilik!$N$30,FALSE)) | Q3: =_xlfn.AGGREGATE(4,6,$L$2:$L$47)*1.1 | R3: =Yeterlilik!$N$19 | S3: =Yeterlilik!$N$20 | T3: =Yeterlilik!$N$18 | U3: =Yeterlilik!$N$25-3*Yeterlilik!$N$30 | V3: =Yeterlilik!$N$25+3*Yeterlilik!$N$30 | X3: =IF(2>Yeterlilik!$N$24,"",SMALL($B$2:$B$126,2)) | Y3: =IF(X3="","",NORMSINV((2-0.375)/(Yeterlilik!$N$24+0.25))) | AA3: =Yeterlilik!$N$25+3*Yeterlilik!$N$30 | AB3: =3 | AH3: =IF(X3="","",NORMSDIST((X3-Yeterlilik!$N$25)/Yeterlilik!$N$30)) | AI3: =IF(OR(X3="",AH3<=0,AH3>=1),0,(2*2-1)*(LN(AH3)+LN(1-INDEX($AH$2:$AH$126,Yeterlilik!$N$24+1-2)))) | AM3: =IF(B3="",NA(),B3-$AM$1) | AN3: =E3-$AM$1 | AO3: =F3-$AM$1 | AP3: =G3-$AM$1 | AQ3: =H3-$AM$1 | AR3: =I3-$AM$1 | AS3: =K3-$AM$1 | AT3: =N3-$AM$1 | AU3: =R3-$AM$1 | AV3: =S3-$AM$1 | AW3: =IF(Yeterlilik!$N$18="",NA(),T3-$AM$1) | AX3: =U3-$AM$1 | AY3: =V3-$AM$1 | AZ3: =IF(X3="",NA(),X3-$AM$1) | BA3: =AA3-$AM$1 | BB3: =IF(Y3="",NA(),Y3)
A4: =IF(B4="","",3) | B4: =IF(Yeterlilik!$B$11="","",Yeterlilik!$B$11) | K4: =$AD$1+1*$AF$1 | L4: =COUNTIFS($B$2:$B$126,">="&$AD$1+0*$AF$1,$B$2:$B$126,"<"&$AD$1+1*$AF$1) | N4: =$AD$1+2*(($AE$1-$AD$1)/119) | O4: =IF(Yeterlilik!$N$30=0,0,Yeterlilik!$N$24*$AF$1*NORMDIST(N4,Yeterlilik!$N$25,Yeterlilik!$N$30,FALSE)) | X4: =IF(3>Yeterlilik!$N$24,"",SMALL($B$2:$B$126,3)) | Y4: =IF(X4="","",NORMSINV((3-0.375)/(Yeterlilik!$N$24+0.25))) | AH4: =IF(X4="","",NORMSDIST((X4-Yeterlilik!$N$25)/Yeterlilik!$N$30)) | AI4: =IF(OR(X4="",AH4<=0,AH4>=1),0,(3*2-1)*(LN(AH4)+LN(1-INDEX($AH$2:$AH$126,Yeterlilik!$N$24+1-3)))) | AM4: =IF(B4="",NA(),B4-$AM$1) | AS4: =K4-$AM$1 | AT4: =N4-$AM$1 | AZ4: =IF(X4="",NA(),X4-$AM$1) | BB4: =IF(Y4="",NA(),Y4)
A5: =IF(B5="","",4) | B5: =IF(Yeterlilik!$B$12="","",Yeterlilik!$B$12) | K5: =$AD$1+1*$AF$1 | L5: =COUNTIFS($B$2:$B$126,">="&$AD$1+1*$AF$1,$B$2:$B$126,"<"&$AD$1+2*$AF$1) | N5: =$AD$1+3*(($AE$1-$AD$1)/119) | O5: =IF(Yeterlilik!$N$30=0,0,Yeterlilik!$N$24*$AF$1*NORMDIST(N5,Yeterlilik!$N$25,Yeterlilik!$N$30,FALSE)) | X5: =IF(4>Yeterlilik!$N$24,"",SMALL($B$2:$B$126,4)) | Y5: =IF(X5="","",NORMSINV((4-0.375)/(Yeterlilik!$N$24+0.25))) | AH5: =IF(X5="","",NORMSDIST((X5-Yeterlilik!$N$25)/Yeterlilik!$N$30)) | AI5: =IF(OR(X5="",AH5<=0,AH5>=1),0,(4*2-1)*(LN(AH5)+LN(1-INDEX($AH$2:$AH$126,Yeterlilik!$N$24+1-4)))) | AM5: =IF(B5="",NA(),B5-$AM$1) | AS5: =K5-$AM$1 | AT5: =N5-$AM$1 | AZ5: =IF(X5="",NA(),X5-$AM$1) | BB5: =IF(Y5="",NA(),Y5)
A6: =IF(B6="","",5) | B6: =IF(Yeterlilik!$B$13="","",Yeterlilik!$B$13) | K6: =$AD$1+2*$AF$1 | L6: =COUNTIFS($B$2:$B$126,">="&$AD$1+1*$AF$1,$B$2:$B$126,"<"&$AD$1+2*$AF$1) | N6: =$AD$1+4*(($AE$1-$AD$1)/119) | O6: =IF(Yeterlilik!$N$30=0,0,Yeterlilik!$N$24*$AF$1*NORMDIST(N6,Yeterlilik!$N$25,Yeterlilik!$N$30,FALSE)) | X6: =IF(5>Yeterlilik!$N$24,"",SMALL($B$2:$B$126,5)) | Y6: =IF(X6="","",NORMSINV((5-0.375)/(Yeterlilik!$N$24+0.25))) | AH6: =IF(X6="","",NORMSDIST((X6-Yeterlilik!$N$25)/Yeterlilik!$N$30)) | AI6: =IF(OR(X6="",AH6<=0,AH6>=1),0,(5*2-1)*(LN(AH6)+LN(1-INDEX($AH$2:$AH$126,Yeterlilik!$N$24+1-5)))) | AM6: =IF(B6="",NA(),B6-$AM$1) | AS6: =K6-$AM$1 | AT6: =N6-$AM$1 | AZ6: =IF(X6="",NA(),X6-$AM$1) | BB6: =IF(Y6="",NA(),Y6)
A7: =IF(B7="","",6) | B7: =IF(Yeterlilik!$B$14="","",Yeterlilik!$B$14) | K7: =$AD$1+2*$AF$1 | L7: =COUNTIFS($B$2:$B$126,">="&$AD$1+2*$AF$1,$B$2:$B$126,"<"&$AD$1+3*$AF$1) | N7: =$AD$1+5*(($AE$1-$AD$1)/119) | O7: =IF(Yeterlilik!$N$30=0,0,Yeterlilik!$N$24*$AF$1*NORMDIST(N7,Yeterlilik!$N$25,Yeterlilik!$N$30,FALSE)) | X7: =IF(6>Yeterlilik!$N$24,"",SMALL($B$2:$B$126,6)) | Y7: =IF(X7="","",NORMSINV((6-0.375)/(Yeterlilik!$N$24+0.25))) | AH7: =IF(X7="","",NORMSDIST((X7-Yeterlilik!$N$25)/Yeterlilik!$N$30)) | AI7: =IF(OR(X7="",AH7<=0,AH7>=1),0,(6*2-1)*(LN(AH7)+LN(1-INDEX($AH$2:$AH$126,Yeterlilik!$N$24+1-6)))) | AM7: =IF(B7="",NA(),B7-$AM$1) | AS7: =K7-$AM$1 | AT7: =N7-$AM$1 | AZ7: =IF(X7="",NA(),X7-$AM$1) | BB7: =IF(Y7="",NA(),Y7)
A8: =IF(B8="","",7) | B8: =IF(Yeterlilik!$B$15="","",Yeterlilik!$B$15) | K8: =$AD$1+3*$AF$1 | L8: =COUNTIFS($B$2:$B$126,">="&$AD$1+2*$AF$1,$B$2:$B$126,"<"&$AD$1+3*$AF$1) | N8: =$AD$1+6*(($AE$1-$AD$1)/119) | O8: =IF(Yeterlilik!$N$30=0,0,Yeterlilik!$N$24*$AF$1*NORMDIST(N8,Yeterlilik!$N$25,Yeterlilik!$N$30,FALSE)) | X8: =IF(7>Yeterlilik!$N$24,"",SMALL($B$2:$B$126,7)) | Y8: =IF(X8="","",NORMSINV((7-0.375)/(Yeterlilik!$N$24+0.25))) | AH8: =IF(X8="","",NORMSDIST((X8-Yeterlilik!$N$25)/Yeterlilik!$N$30)) | AI8: =IF(OR(X8="",AH8<=0,AH8>=1),0,(7*2-1)*(LN(AH8)+LN(1-INDEX($AH$2:$AH$126,Yeterlilik!$N$24+1-7)))) | AM8: =IF(B8="",NA(),B8-$AM$1) | AS8: =K8-$AM$1 | AT8: =N8-$AM$1 | AZ8: =IF(X8="",NA(),X8-$AM$1) | BB8: =IF(Y8="",NA(),Y8)
A9: =IF(B9="","",8) | B9: =IF(Yeterlilik!$B$16="","",Yeterlilik!$B$16) | K9: =$AD$1+3*$AF$1 | L9: =COUNTIFS($B$2:$B$126,">="&$AD$1+3*$AF$1,$B$2:$B$126,"<"&$AD$1+4*$AF$1) | N9: =$AD$1+7*(($AE$1-$AD$1)/119) | O9: =IF(Yeterlilik!$N$30=0,0,Yeterlilik!$N$24*$AF$1*NORMDIST(N9,Yeterlilik!$N$25,Yeterlilik!$N$30,FALSE)) | X9: =IF(8>Yeterlilik!$N$24,"",SMALL($B$2:$B$126,8)) | Y9: =IF(X9="","",NORMSINV((8-0.375)/(Yeterlilik!$N$24+0.25))) | AH9: =IF(X9="","",NORMSDIST((X9-Yeterlilik!$N$25)/Yeterlilik!$N$30)) | AI9: =IF(OR(X9="",AH9<=0,AH9>=1),0,(8*2-1)*(LN(AH9)+LN(1-INDEX($AH$2:$AH$126,Yeterlilik!$N$24+1-8)))) | AM9: =IF(B9="",NA(),B9-$AM$1) | AS9: =K9-$AM$1 | AT9: =N9-$AM$1 | AZ9: =IF(X9="",NA(),X9-$AM$1) | BB9: =IF(Y9="",NA(),Y9)
A10: =IF(B10="","",9) | B10: =IF(Yeterlilik!$B$17="","",Yeterlilik!$B$17) | K10: =$AD$1+4*$AF$1 | L10: =COUNTIFS($B$2:$B$126,">="&$AD$1+3*$AF$1,$B$2:$B$126,"<"&$AD$1+4*$AF$1) | N10: =$AD$1+8*(($AE$1-$AD$1)/119) | O10: =IF(Yeterlilik!$N$30=0,0,Yeterlilik!$N$24*$AF$1*NORMDIST(N10,Yeterlilik!$N$25,Yeterlilik!$N$30,FALSE)) | X10: =IF(9>Yeterlilik!$N$24,"",SMALL($B$2:$B$126,9)) | Y10: =IF(X10="","",NORMSINV((9-0.375)/(Yeterlilik!$N$24+0.25))) | AH10: =IF(X10="","",NORMSDIST((X10-Yeterlilik!$N$25)/Yeterlilik!$N$30)) | AI10: =IF(OR(X10="",AH10<=0,AH10>=1),0,(9*2-1)*(LN(AH10)+LN(1-INDEX($AH$2:$AH$126,Yeterlilik!$N$24+1-9)))) | AM10: =IF(B10="",NA(),B10-$AM$1) | AS10: =K10-$AM$1 | AT10: =N10-$AM$1 | AZ10: =IF(X10="",NA(),X10-$AM$1) | BB10: =IF(Y10="",NA(),Y10)
A11: =IF(B11="","",10) | B11: =IF(Yeterlilik!$B$18="","",Yeterlilik!$B$18) | K11: =$AD$1+4*$AF$1 | L11: =COUNTIFS($B$2:$B$126,">="&$AD$1+4*$AF$1,$B$2:$B$126,"<"&$AD$1+5*$AF$1) | N11: =$AD$1+9*(($AE$1-$AD$1)/119) | O11: =IF(Yeterlilik!$N$30=0,0,Yeterlilik!$N$24*$AF$1*NORMDIST(N11,Yeterlilik!$N$25,Yeterlilik!$N$30,FALSE)) | X11: =IF(10>Yeterlilik!$N$24,"",SMALL($B$2:$B$126,10)) | Y11: =IF(X11="","",NORMSINV((10-0.375)/(Yeterlilik!$N$24+0.25))) | AH11: =IF(X11="","",NORMSDIST((X11-Yeterlilik!$N$25)/Yeterlilik!$N$30)) | AI11: =IF(OR(X11="",AH11<=0,AH11>=1),0,(10*2-1)*(LN(AH11)+LN(1-INDEX($AH$2:$AH$126,Yeterlilik!$N$24+1-10)))) | AM11: =IF(B11="",NA(),B11-$AM$1) | AS11: =K11-$AM$1 | AT11: =N11-$AM$1 | AZ11: =IF(X11="",NA(),X11-$AM$1) | BB11: =IF(Y11="",NA(),Y11)
A12: =IF(B12="","",11) | B12: =IF(Yeterlilik!$B$19="","",Yeterlilik!$B$19) | K12: =$AD$1+5*$AF$1 | L12: =COUNTIFS($B$2:$B$126,">="&$AD$1+4*$AF$1,$B$2:$B$126,"<"&$AD$1+5*$AF$1) | N12: =$AD$1+10*(($AE$1-$AD$1)/119) | O12: =IF(Yeterlilik!$N$30=0,0,Yeterlilik!$N$24*$AF$1*NORMDIST(N12,Yeterlilik!$N$25,Yeterlilik!$N$30,FALSE)) | X12: =IF(11>Yeterlilik!$N$24,"",SMALL($B$2:$B$126,11)) | Y12: =IF(X12="","",NORMSINV((11-0.375)/(Yeterlilik!$N$24+0.25))) | AH12: =IF(X12="","",NORMSDIST((X12-Yeterlilik!$N$25)/Yeterlilik!$N$30)) | AI12: =IF(OR(X12="",AH12<=0,AH12>=1),0,(11*2-1)*(LN(AH12)+LN(1-INDEX($AH$2:$AH$126,Yeterlilik!$N$24+1-11)))) | AM12: =IF(B12="",NA(),B12-$AM$1) | AS12: =K12-$AM$1 | AT12: =N12-$AM$1 | AZ12: =IF(X12="",NA(),X12-$AM$1) | BB12: =IF(Y12="",NA(),Y12)
A13: =IF(B13="","",12) | B13: =IF(Yeterlilik!$B$20="","",Yeterlilik!$B$20) | K13: =$AD$1+5*$AF$1 | L13: =COUNTIFS($B$2:$B$126,">="&$AD$1+5*$AF$1,$B$2:$B$126,"<"&$AD$1+6*$AF$1) | N13: =$AD$1+11*(($AE$1-$AD$1)/119) | O13: =IF(Yeterlilik!$N$30=0,0,Yeterlilik!$N$24*$AF$1*NORMDIST(N13,Yeterlilik!$N$25,Yeterlilik!$N$30,FALSE)) | X13: =IF(12>Yeterlilik!$N$24,"",SMALL($B$2:$B$126,12)) | Y13: =IF(X13="","",NORMSINV((12-0.375)/(Yeterlilik!$N$24+0.25))) | AH13: =IF(X13="","",NORMSDIST((X13-Yeterlilik!$N$25)/Yeterlilik!$N$30)) | AI13: =IF(OR(X13="",AH13<=0,AH13>=1),0,(12*2-1)*(LN(AH13)+LN(1-INDEX($AH$2:$AH$126,Yeterlilik!$N$24+1-12)))) | AM13: =IF(B13="",NA(),B13-$AM$1) | AS13: =K13-$AM$1 | AT13: =N13-$AM$1 | AZ13: =IF(X13="",NA(),X13-$AM$1) | BB13: =IF(Y13="",NA(),Y13)
A14: =IF(B14="","",13) | B14: =IF(Yeterlilik!$B$21="","",Yeterlilik!$B$21) | K14: =$AD$1+6*$AF$1 | L14: =COUNTIFS($B$2:$B$126,">="&$AD$1+5*$AF$1,$B$2:$B$126,"<"&$AD$1+6*$AF$1) | N14: =$AD$1+12*(($AE$1-$AD$1)/119) | O14: =IF(Yeterlilik!$N$30=0,0,Yeterlilik!$N$24*$AF$1*NORMDIST(N14,Yeterlilik!$N$25,Yeterlilik!$N$30,FALSE)) | X14: =IF(13>Yeterlilik!$N$24,"",SMALL($B$2:$B$126,13)) | Y14: =IF(X14="","",NORMSINV((13-0.375)/(Yeterlilik!$N$24+0.25))) | AH14: =IF(X14="","",NORMSDIST((X14-Yeterlilik!$N$25)/Yeterlilik!$N$30)) | AI14: =IF(OR(X14="",AH14<=0,AH14>=1),0,(13*2-1)*(LN(AH14)+LN(1-INDEX($AH$2:$AH$126,Yeterlilik!$N$24+1-13)))) | AM14: =IF(B14="",NA(),B14-$AM$1) | AS14: =K14-$AM$1 | AT14: =N14-$AM$1 | AZ14: =IF(X14="",NA(),X14-$AM$1) | BB14: =IF(Y14="",NA(),Y14)
A15: =IF(B15="","",14) | B15: =IF(Yeterlilik!$B$22="","",Yeterlilik!$B$22) | K15: =$AD$1+6*$AF$1 | L15: =COUNTIFS($B$2:$B$126,">="&$AD$1+6*$AF$1,$B$2:$B$126,"<"&$AD$1+7*$AF$1) | N15: =$AD$1+13*(($AE$1-$AD$1)/119) | O15: =IF(Yeterlilik!$N$30=0,0,Yeterlilik!$N$24*$AF$1*NORMDIST(N15,Yeterlilik!$N$25,Yeterlilik!$N$30,FALSE)) | X15: =IF(14>Yeterlilik!$N$24,"",SMALL($B$2:$B$126,14)) | Y15: =IF(X15="","",NORMSINV((14-0.375)/(Yeterlilik!$N$24+0.25))) | AH15: =IF(X15="","",NORMSDIST((X15-Yeterlilik!$N$25)/Yeterlilik!$N$30)) | AI15: =IF(OR(X15="",AH15<=0,AH15>=1),0,(14*2-1)*(LN(AH15)+LN(1-INDEX($AH$2:$AH$126,Yeterlilik!$N$24+1-14)))) | AM15: =IF(B15="",NA(),B15-$AM$1) | AS15: =K15-$AM$1 | AT15: =N15-$AM$1 | AZ15: =IF(X15="",NA(),X15-$AM$1) | BB15: =IF(Y15="",NA(),Y15)
A16: =IF(B16="","",15) | B16: =IF(Yeterlilik!$B$23="","",Yeterlilik!$B$23) | K16: =$AD$1+7*$AF$1 | L16: =COUNTIFS($B$2:$B$126,">="&$AD$1+6*$AF$1,$B$2:$B$126,"<"&$AD$1+7*$AF$1) | N16: =$AD$1+14*(($AE$1-$AD$1)/119) | O16: =IF(Yeterlilik!$N$30=0,0,Yeterlilik!$N$24*$AF$1*NORMDIST(N16,Yeterlilik!$N$25,Yeterlilik!$N$30,FALSE)) | X16: =IF(15>Yeterlilik!$N$24,"",SMALL($B$2:$B$126,15)) | Y16: =IF(X16="","",NORMSINV((15-0.375)/(Yeterlilik!$N$24+0.25))) | AH16: =IF(X16="","",NORMSDIST((X16-Yeterlilik!$N$25)/Yeterlilik!$N$30)) | AI16: =IF(OR(X16="",AH16<=0,AH16>=1),0,(15*2-1)*(LN(AH16)+LN(1-INDEX($AH$2:$AH$126,Yeterlilik!$N$24+1-15)))) | AM16: =IF(B16="",NA(),B16-$AM$1) | AS16: =K16-$AM$1 | AT16: =N16-$AM$1 | AZ16: =IF(X16="",NA(),X16-$AM$1) | BB16: =IF(Y16="",NA(),Y16)
A17: =IF(B17="","",16) | B17: =IF(Yeterlilik!$B$24="","",Yeterlilik!$B$24) | K17: =$AD$1+7*$AF$1 | L17: =COUNTIFS($B$2:$B$126,">="&$AD$1+7*$AF$1,$B$2:$B$126,"<"&$AD$1+8*$AF$1) | N17: =$AD$1+15*(($AE$1-$AD$1)/119) | O17: =IF(Yeterlilik!$N$30=0,0,Yeterlilik!$N$24*$AF$1*NORMDIST(N17,Yeterlilik!$N$25,Yeterlilik!$N$30,FALSE)) | X17: =IF(16>Yeterlilik!$N$24,"",SMALL($B$2:$B$126,16)) | Y17: =IF(X17="","",NORMSINV((16-0.375)/(Yeterlilik!$N$24+0.25))) | AH17: =IF(X17="","",NORMSDIST((X17-Yeterlilik!$N$25)/Yeterlilik!$N$30)) | AI17: =IF(OR(X17="",AH17<=0,AH17>=1),0,(16*2-1)*(LN(AH17)+LN(1-INDEX($AH$2:$AH$126,Yeterlilik!$N$24+1-16)))) | AM17: =IF(B17="",NA(),B17-$AM$1) | AS17: =K17-$AM$1 | AT17: =N17-$AM$1 | AZ17: =IF(X17="",NA(),X17-$AM$1) | BB17: =IF(Y17="",NA(),Y17)
A18: =IF(B18="","",17) | B18: =IF(Yeterlilik!$B$25="","",Yeterlilik!$B$25) | K18: =$AD$1+8*$AF$1 | L18: =COUNTIFS($B$2:$B$126,">="&$AD$1+7*$AF$1,$B$2:$B$126,"<"&$AD$1+8*$AF$1) | N18: =$AD$1+16*(($AE$1-$AD$1)/119) | O18: =IF(Yeterlilik!$N$30=0,0,Yeterlilik!$N$24*$AF$1*NORMDIST(N18,Yeterlilik!$N$25,Yeterlilik!$N$30,FALSE)) | X18: =IF(17>Yeterlilik!$N$24,"",SMALL($B$2:$B$126,17)) | Y18: =IF(X18="","",NORMSINV((17-0.375)/(Yeterlilik!$N$24+0.25))) | AH18: =IF(X18="","",NORMSDIST((X18-Yeterlilik!$N$25)/Yeterlilik!$N$30)) | AI18: =IF(OR(X18="",AH18<=0,AH18>=1),0,(17*2-1)*(LN(AH18)+LN(1-INDEX($AH$2:$AH$126,Yeterlilik!$N$24+1-17)))) | AM18: =IF(B18="",NA(),B18-$AM$1) | AS18: =K18-$AM$1 | AT18: =N18-$AM$1 | AZ18: =IF(X18="",NA(),X18-$AM$1) | BB18: =IF(Y18="",NA(),Y18)
A19: =IF(B19="","",18) | B19: =IF(Yeterlilik!$B$26="","",Yeterlilik!$B$26) | K19: =$AD$1+8*$AF$1 | L19: =COUNTIFS($B$2:$B$126,">="&$AD$1+8*$AF$1,$B$2:$B$126,"<"&$AD$1+9*$AF$1) | N19: =$AD$1+17*(($AE$1-$AD$1)/119) | O19: =IF(Yeterlilik!$N$30=0,0,Yeterlilik!$N$24*$AF$1*NORMDIST(N19,Yeterlilik!$N$25,Yeterlilik!$N$30,FALSE)) | X19: =IF(18>Yeterlilik!$N$24,"",SMALL($B$2:$B$126,18)) | Y19: =IF(X19="","",NORMSINV((18-0.375)/(Yeterlilik!$N$24+0.25))) | AH19: =IF(X19="","",NORMSDIST((X19-Yeterlilik!$N$25)/Yeterlilik!$N$30)) | AI19: =IF(OR(X19="",AH19<=0,AH19>=1),0,(18*2-1)*(LN(AH19)+LN(1-INDEX($AH$2:$AH$126,Yeterlilik!$N$24+1-18)))) | AM19: =IF(B19="",NA(),B19-$AM$1) | AS19: =K19-$AM$1 | AT19: =N19-$AM$1 | AZ19: =IF(X19="",NA(),X19-$AM$1) | BB19: =IF(Y19="",NA(),Y19)
A20: =IF(B20="","",19) | B20: =IF(Yeterlilik!$B$27="","",Yeterlilik!$B$27) | K20: =$AD$1+9*$AF$1 | L20: =COUNTIFS($B$2:$B$126,">="&$AD$1+8*$AF$1,$B$2:$B$126,"<"&$AD$1+9*$AF$1) | N20: =$AD$1+18*(($AE$1-$AD$1)/119) | O20: =IF(Yeterlilik!$N$30=0,0,Yeterlilik!$N$24*$AF$1*NORMDIST(N20,Yeterlilik!$N$25,Yeterlilik!$N$30,FALSE)) | X20: =IF(19>Yeterlilik!$N$24,"",SMALL($B$2:$B$126,19)) | Y20: =IF(X20="","",NORMSINV((19-0.375)/(Yeterlilik!$N$24+0.25))) | AH20: =IF(X20="","",NORMSDIST((X20-Yeterlilik!$N$25)/Yeterlilik!$N$30)) | AI20: =IF(OR(X20="",AH20<=0,AH20>=1),0,(19*2-1)*(LN(AH20)+LN(1-INDEX($AH$2:$AH$126,Yeterlilik!$N$24+1-19)))) | AM20: =IF(B20="",NA(),B20-$AM$1) | AS20: =K20-$AM$1 | AT20: =N20-$AM$1 | AZ20: =IF(X20="",NA(),X20-$AM$1) | BB20: =IF(Y20="",NA(),Y20)
A21: =IF(B21="","",20) | B21: =IF(Yeterlilik!$B$28="","",Yeterlilik!$B$28) | K21: =$AD$1+9*$AF$1 | L21: =COUNTIFS($B$2:$B$126,">="&$AD$1+9*$AF$1,$B$2:$B$126,"<"&$AD$1+10*$AF$1) | N21: =$AD$1+19*(($AE$1-$AD$1)/119) | O21: =IF(Yeterlilik!$N$30=0,0,Yeterlilik!$N$24*$AF$1*NORMDIST(N21,Yeterlilik!$N$25,Yeterlilik!$N$30,FALSE)) | X21: =IF(20>Yeterlilik!$N$24,"",SMALL($B$2:$B$126,20)) | Y21: =IF(X21="","",NORMSINV((20-0.375)/(Yeterlilik!$N$24+0.25))) | AH21: =IF(X21="","",NORMSDIST((X21-Yeterlilik!$N$25)/Yeterlilik!$N$30)) | AI21: =IF(OR(X21="",AH21<=0,AH21>=1),0,(20*2-1)*(LN(AH21)+LN(1-INDEX($AH$2:$AH$126,Yeterlilik!$N$24+1-20)))) | AM21: =IF(B21="",NA(),B21-$AM$1) | AS21: =K21-$AM$1 | AT21: =N21-$AM$1 | AZ21: =IF(X21="",NA(),X21-$AM$1) | BB21: =IF(Y21="",NA(),Y21)
A22: =IF(B22="","",21) | B22: =IF(Yeterlilik!$B$29="","",Yeterlilik!$B$29) | K22: =$AD$1+10*$AF$1 | L22: =COUNTIFS($B$2:$B$126,">="&$AD$1+9*$AF$1,$B$2:$B$126,"<"&$AD$1+10*$AF$1) | N22: =$AD$1+20*(($AE$1-$AD$1)/119) | O22: =IF(Yeterlilik!$N$30=0,0,Yeterlilik!$N$24*$AF$1*NORMDIST(N22,Yeterlilik!$N$25,Yeterlilik!$N$30,FALSE)) | X22: =IF(21>Yeterlilik!$N$24,"",SMALL($B$2:$B$126,21)) | Y22: =IF(X22="","",NORMSINV((21-0.375)/(Yeterlilik!$N$24+0.25))) | AH22: =IF(X22="","",NORMSDIST((X22-Yeterlilik!$N$25)/Yeterlilik!$N$30)) | AI22: =IF(OR(X22="",AH22<=0,AH22>=1),0,(21*2-1)*(LN(AH22)+LN(1-INDEX($AH$2:$AH$126,Yeterlilik!$N$24+1-21)))) | AM22: =IF(B22="",NA(),B22-$AM$1) | AS22: =K22-$AM$1 | AT22: =N22-$AM$1 | AZ22: =IF(X22="",NA(),X22-$AM$1) | BB22: =IF(Y22="",NA(),Y22)
A23: =IF(B23="","",22) | B23: =IF(Yeterlilik!$B$30="","",Yeterlilik!$B$30) | K23: =$AD$1+10*$AF$1 | L23: =COUNTIFS($B$2:$B$126,">="&$AD$1+10*$AF$1,$B$2:$B$126,"<"&$AD$1+11*$AF$1) | N23: =$AD$1+21*(($AE$1-$AD$1)/119) | O23: =IF(Yeterlilik!$N$30=0,0,Yeterlilik!$N$24*$AF$1*NORMDIST(N23,Yeterlilik!$N$25,Yeterlilik!$N$30,FALSE)) | X23: =IF(22>Yeterlilik!$N$24,"",SMALL($B$2:$B$126,22)) | Y23: =IF(X23="","",NORMSINV((22-0.375)/(Yeterlilik!$N$24+0.25))) | AH23: =IF(X23="","",NORMSDIST((X23-Yeterlilik!$N$25)/Yeterlilik!$N$30)) | AI23: =IF(OR(X23="",AH23<=0,AH23>=1),0,(22*2-1)*(LN(AH23)+LN(1-INDEX($AH$2:$AH$126,Yeterlilik!$N$24+1-22)))) | AM23: =IF(B23="",NA(),B23-$AM$1) | AS23: =K23-$AM$1 | AT23: =N23-$AM$1 | AZ23: =IF(X23="",NA(),X23-$AM$1) | BB23: =IF(Y23="",NA(),Y23)
A24: =IF(B24="","",23) | B24: =IF(Yeterlilik!$B$31="","",Yeterlilik!$B$31) | K24: =$AD$1+11*$AF$1 | L24: =COUNTIFS($B$2:$B$126,">="&$AD$1+10*$AF$1,$B$2:$B$126,"<"&$AD$1+11*$AF$1) | N24: =$AD$1+22*(($AE$1-$AD$1)/119) | O24: =IF(Yeterlilik!$N$30=0,0,Yeterlilik!$N$24*$AF$1*NORMDIST(N24,Yeterlilik!$N$25,Yeterlilik!$N$30,FALSE)) | X24: =IF(23>Yeterlilik!$N$24,"",SMALL($B$2:$B$126,23)) | Y24: =IF(X24="","",NORMSINV((23-0.375)/(Yeterlilik!$N$24+0.25))) | AH24: =IF(X24="","",NORMSDIST((X24-Yeterlilik!$N$25)/Yeterlilik!$N$30)) | AI24: =IF(OR(X24="",AH24<=0,AH24>=1),0,(23*2-1)*(LN(AH24)+LN(1-INDEX($AH$2:$AH$126,Yeterlilik!$N$24+1-23)))) | AM24: =IF(B24="",NA(),B24-$AM$1) | AS24: =K24-$AM$1 | AT24: =N24-$AM$1 | AZ24: =IF(X24="",NA(),X24-$AM$1) | BB24: =IF(Y24="",NA(),Y24)
A25: =IF(B25="","",24) | B25: =IF(Yeterlilik!$B$32="","",Yeterlilik!$B$32) | K25: =$AD$1+11*$AF$1 | L25: =COUNTIFS($B$2:$B$126,">="&$AD$1+11*$AF$1,$B$2:$B$126,"<"&$AD$1+12*$AF$1) | N25: =$AD$1+23*(($AE$1-$AD$1)/119) | O25: =IF(Yeterlilik!$N$30=0,0,Yeterlilik!$N$24*$AF$1*NORMDIST(N25,Yeterlilik!$N$25,Yeterlilik!$N$30,FALSE)) | X25: =IF(24>Yeterlilik!$N$24,"",SMALL($B$2:$B$126,24)) | Y25: =IF(X25="","",NORMSINV((24-0.375)/(Yeterlilik!$N$24+0.25))) | AH25: =IF(X25="","",NORMSDIST((X25-Yeterlilik!$N$25)/Yeterlilik!$N$30)) | AI25: =IF(OR(X25="",AH25<=0,AH25>=1),0,(24*2-1)*(LN(AH25)+LN(1-INDEX($AH$2:$AH$126,Yeterlilik!$N$24+1-24)))) | AM25: =IF(B25="",NA(),B25-$AM$1) | AS25: =K25-$AM$1 | AT25: =N25-$AM$1 | AZ25: =IF(X25="",NA(),X25-$AM$1) | BB25: =IF(Y25="",NA(),Y25)
A26: =IF(B26="","",25) | B26: =IF(Yeterlilik!$B$33="","",Yeterlilik!$B$33) | K26: =$AD$1+12*$AF$1 | L26: =COUNTIFS($B$2:$B$126,">="&$AD$1+11*$AF$1,$B$2:$B$126,"<"&$AD$1+12*$AF$1) | N26: =$AD$1+24*(($AE$1-$AD$1)/119) | O26: =IF(Yeterlilik!$N$30=0,0,Yeterlilik!$N$24*$AF$1*NORMDIST(N26,Yeterlilik!$N$25,Yeterlilik!$N$30,FALSE)) | X26: =IF(25>Yeterlilik!$N$24,"",SMALL($B$2:$B$126,25)) | Y26: =IF(X26="","",NORMSINV((25-0.375)/(Yeterlilik!$N$24+0.25))) | AH26: =IF(X26="","",NORMSDIST((X26-Yeterlilik!$N$25)/Yeterlilik!$N$30)) | AI26: =IF(OR(X26="",AH26<=0,AH26>=1),0,(25*2-1)*(LN(AH26)+LN(1-INDEX($AH$2:$AH$126,Yeterlilik!$N$24+1-25)))) | AM26: =IF(B26="",NA(),B26-$AM$1) | AS26: =K26-$AM$1 | AT26: =N26-$AM$1 | AZ26: =IF(X26="",NA(),X26-$AM$1) | BB26: =IF(Y26="",NA(),Y26)
A27: =IF(B27="","",26) | B27: =IF(Yeterlilik!$B$34="","",Yeterlilik!$B$34) | K27: =$AD$1+12*$AF$1 | L27: =COUNTIFS($B$2:$B$126,">="&$AD$1+12*$AF$1,$B$2:$B$126,"<"&$AD$1+13*$AF$1) | N27: =$AD$1+25*(($AE$1-$AD$1)/119) | O27: =IF(Yeterlilik!$N$30=0,0,Yeterlilik!$N$24*$AF$1*NORMDIST(N27,Yeterlilik!$N$25,Yeterlilik!$N$30,FALSE)) | X27: =IF(26>Yeterlilik!$N$24,"",SMALL($B$2:$B$126,26)) | Y27: =IF(X27="","",NORMSINV((26-0.375)/(Yeterlilik!$N$24+0.25))) | AH27: =IF(X27="","",NORMSDIST((X27-Yeterlilik!$N$25)/Yeterlilik!$N$30)) | AI27: =IF(OR(X27="",AH27<=0,AH27>=1),0,(26*2-1)*(LN(AH27)+LN(1-INDEX($AH$2:$AH$126,Yeterlilik!$N$24+1-26)))) | AM27: =IF(B27="",NA(),B27-$AM$1) | AS27: =K27-$AM$1 | AT27: =N27-$AM$1 | AZ27: =IF(X27="",NA(),X27-$AM$1) | BB27: =IF(Y27="",NA(),Y27)
A28: =IF(B28="","",27) | B28: =IF(Yeterlilik!$B$35="","",Yeterlilik!$B$35) | K28: =$AD$1+13*$AF$1 | L28: =COUNTIFS($B$2:$B$126,">="&$AD$1+12*$AF$1,$B$2:$B$126,"<"&$AD$1+13*$AF$1) | N28: =$AD$1+26*(($AE$1-$AD$1)/119) | O28: =IF(Yeterlilik!$N$30=0,0,Yeterlilik!$N$24*$AF$1*NORMDIST(N28,Yeterlilik!$N$25,Yeterlilik!$N$30,FALSE)) | X28: =IF(27>Yeterlilik!$N$24,"",SMALL($B$2:$B$126,27)) | Y28: =IF(X28="","",NORMSINV((27-0.375)/(Yeterlilik!$N$24+0.25))) | AH28: =IF(X28="","",NORMSDIST((X28-Yeterlilik!$N$25)/Yeterlilik!$N$30)) | AI28: =IF(OR(X28="",AH28<=0,AH28>=1),0,(27*2-1)*(LN(AH28)+LN(1-INDEX($AH$2:$AH$126,Yeterlilik!$N$24+1-27)))) | AM28: =IF(B28="",NA(),B28-$AM$1) | AS28: =K28-$AM$1 | AT28: =N28-$AM$1 | AZ28: =IF(X28="",NA(),X28-$AM$1) | BB28: =IF(Y28="",NA(),Y28)
A29: =IF(B29="","",28) | B29: =IF(Yeterlilik!$B$36="","",Yeterlilik!$B$36) | K29: =$AD$1+13*$AF$1 | L29: =COUNTIFS($B$2:$B$126,">="&$AD$1+13*$AF$1,$B$2:$B$126,"<"&$AD$1+14*$AF$1) | N29: =$AD$1+27*(($AE$1-$AD$1)/119) | O29: =IF(Yeterlilik!$N$30=0,0,Yeterlilik!$N$24*$AF$1*NORMDIST(N29,Yeterlilik!$N$25,Yeterlilik!$N$30,FALSE)) | X29: =IF(28>Yeterlilik!$N$24,"",SMALL($B$2:$B$126,28)) | Y29: =IF(X29="","",NORMSINV((28-0.375)/(Yeterlilik!$N$24+0.25))) | AH29: =IF(X29="","",NORMSDIST((X29-Yeterlilik!$N$25)/Yeterlilik!$N$30)) | AI29: =IF(OR(X29="",AH29<=0,AH29>=1),0,(28*2-1)*(LN(AH29)+LN(1-INDEX($AH$2:$AH$126,Yeterlilik!$N$24+1-28)))) | AM29: =IF(B29="",NA(),B29-$AM$1) | AS29: =K29-$AM$1 | AT29: =N29-$AM$1 | AZ29: =IF(X29="",NA(),X29-$AM$1) | BB29: =IF(Y29="",NA(),Y29)
A30: =IF(B30="","",29) | B30: =IF(Yeterlilik!$B$37="","",Yeterlilik!$B$37) | K30: =$AD$1+14*$AF$1 | L30: =COUNTIFS($B$2:$B$126,">="&$AD$1+13*$AF$1,$B$2:$B$126,"<"&$AD$1+14*$AF$1) | N30: =$AD$1+28*(($AE$1-$AD$1)/119) | O30: =IF(Yeterlilik!$N$30=0,0,Yeterlilik!$N$24*$AF$1*NORMDIST(N30,Yeterlilik!$N$25,Yeterlilik!$N$30,FALSE)) | X30: =IF(29>Yeterlilik!$N$24,"",SMALL($B$2:$B$126,29)) | Y30: =IF(X30="","",NORMSINV((29-0.375)/(Yeterlilik!$N$24+0.25))) | AH30: =IF(X30="","",NORMSDIST((X30-Yeterlilik!$N$25)/Yeterlilik!$N$30)) | AI30: =IF(OR(X30="",AH30<=0,AH30>=1),0,(29*2-1)*(LN(AH30)+LN(1-INDEX($AH$2:$AH$126,Yeterlilik!$N$24+1-29)))) | AM30: =IF(B30="",NA(),B30-$AM$1) | AS30: =K30-$AM$1 | AT30: =N30-$AM$1 | AZ30: =IF(X30="",NA(),X30-$AM$1) | BB30: =IF(Y30="",NA(),Y30)
A31: =IF(B31="","",30) | B31: =IF(Yeterlilik!$B$38="","",Yeterlilik!$B$38) | K31: =$AD$1+14*$AF$1 | L31: =COUNTIFS($B$2:$B$126,">="&$AD$1+14*$AF$1,$B$2:$B$126,"<"&$AD$1+15*$AF$1) | N31: =$AD$1+29*(($AE$1-$AD$1)/119) | O31: =IF(Yeterlilik!$N$30=0,0,Yeterlilik!$N$24*$AF$1*NORMDIST(N31,Yeterlilik!$N$25,Yeterlilik!$N$30,FALSE)) | X31: =IF(30>Yeterlilik!$N$24,"",SMALL($B$2:$B$126,30)) | Y31: =IF(X31="","",NORMSINV((30-0.375)/(Yeterlilik!$N$24+0.25))) | AH31: =IF(X31="","",NORMSDIST((X31-Yeterlilik!$N$25)/Yeterlilik!$N$30)) | AI31: =IF(OR(X31="",AH31<=0,AH31>=1),0,(30*2-1)*(LN(AH31)+LN(1-INDEX($AH$2:$AH$126,Yeterlilik!$N$24+1-30)))) | AM31: =IF(B31="",NA(),B31-$AM$1) | AS31: =K31-$AM$1 | AT31: =N31-$AM$1 | AZ31: =IF(X31="",NA(),X31-$AM$1) | BB31: =IF(Y31="",NA(),Y31)
A32: =IF(B32="","",31) | B32: =IF(Yeterlilik!$B$39="","",Yeterlilik!$B$39) | K32: =$AD$1+15*$AF$1 | L32: =COUNTIFS($B$2:$B$126,">="&$AD$1+14*$AF$1,$B$2:$B$126,"<"&$AD$1+15*$AF$1) | N32: =$AD$1+30*(($AE$1-$AD$1)/119) | O32: =IF(Yeterlilik!$N$30=0,0,Yeterlilik!$N$24*$AF$1*NORMDIST(N32,Yeterlilik!$N$25,Yeterlilik!$N$30,FALSE)) | X32: =IF(31>Yeterlilik!$N$24,"",SMALL($B$2:$B$126,31)) | Y32: =IF(X32="","",NORMSINV((31-0.375)/(Yeterlilik!$N$24+0.25))) | AH32: =IF(X32="","",NORMSDIST((X32-Yeterlilik!$N$25)/Yeterlilik!$N$30)) | AI32: =IF(OR(X32="",AH32<=0,AH32>=1),0,(31*2-1)*(LN(AH32)+LN(1-INDEX($AH$2:$AH$126,Yeterlilik!$N$24+1-31)))) | AM32: =IF(B32="",NA(),B32-$AM$1) | AS32: =K32-$AM$1 | AT32: =N32-$AM$1 | AZ32: =IF(X32="",NA(),X32-$AM$1) | BB32: =IF(Y32="",NA(),Y32)
A33: =IF(B33="","",32) | B33: =IF(Yeterlilik!$B$40="","",Yeterlilik!$B$40) | K33: =$AD$1+15*$AF$1 | L33: =0 | N33: =$AD$1+31*(($AE$1-$AD$1)/119) | O33: =IF(Yeterlilik!$N$30=0,0,Yeterlilik!$N$24*$AF$1*NORMDIST(N33,Yeterlilik!$N$25,Yeterlilik!$N$30,FALSE)) | X33: =IF(32>Yeterlilik!$N$24,"",SMALL($B$2:$B$126,32)) | Y33: =IF(X33="","",NORMSINV((32-0.375)/(Yeterlilik!$N$24+0.25))) | AH33: =IF(X33="","",NORMSDIST((X33-Yeterlilik!$N$25)/Yeterlilik!$N$30)) | AI33: =IF(OR(X33="",AH33<=0,AH33>=1),0,(32*2-1)*(LN(AH33)+LN(1-INDEX($AH$2:$AH$126,Yeterlilik!$N$24+1-32)))) | AM33: =IF(B33="",NA(),B33-$AM$1) | AS33: =K33-$AM$1 | AT33: =N33-$AM$1 | AZ33: =IF(X33="",NA(),X33-$AM$1) | BB33: =IF(Y33="",NA(),Y33)
A34: =IF(B34="","",33) | B34: =IF(Yeterlilik!$B$41="","",Yeterlilik!$B$41) | K34: =NA() | L34: =NA() | N34: =$AD$1+32*(($AE$1-$AD$1)/119) | O34: =IF(Yeterlilik!$N$30=0,0,Yeterlilik!$N$24*$AF$1*NORMDIST(N34,Yeterlilik!$N$25,Yeterlilik!$N$30,FALSE)) | X34: =IF(33>Yeterlilik!$N$24,"",SMALL($B$2:$B$126,33)) | Y34: =IF(X34="","",NORMSINV((33-0.375)/(Yeterlilik!$N$24+0.25))) | AH34: =IF(X34="","",NORMSDIST((X34-Yeterlilik!$N$25)/Yeterlilik!$N$30)) | AI34: =IF(OR(X34="",AH34<=0,AH34>=1),0,(33*2-1)*(LN(AH34)+LN(1-INDEX($AH$2:$AH$126,Yeterlilik!$N$24+1-33)))) | AM34: =IF(B34="",NA(),B34-$AM$1) | AS34: =K34-$AM$1 | AT34: =N34-$AM$1 | AZ34: =IF(X34="",NA(),X34-$AM$1) | BB34: =IF(Y34="",NA(),Y34)
A35: =IF(B35="","",34) | B35: =IF(Yeterlilik!$B$42="","",Yeterlilik!$B$42) | K35: =NA() | L35: =NA() | N35: =$AD$1+33*(($AE$1-$AD$1)/119) | O35: =IF(Yeterlilik!$N$30=0,0,Yeterlilik!$N$24*$AF$1*NORMDIST(N35,Yeterlilik!$N$25,Yeterlilik!$N$30,FALSE)) | X35: =IF(34>Yeterlilik!$N$24,"",SMALL($B$2:$B$126,34)) | Y35: =IF(X35="","",NORMSINV((34-0.375)/(Yeterlilik!$N$24+0.25))) | AH35: =IF(X35="","",NORMSDIST((X35-Yeterlilik!$N$25)/Yeterlilik!$N$30)) | AI35: =IF(OR(X35="",AH35<=0,AH35>=1),0,(34*2-1)*(LN(AH35)+LN(1-INDEX($AH$2:$AH$126,Yeterlilik!$N$24+1-34)))) | AM35: =IF(B35="",NA(),B35-$AM$1) | AS35: =K35-$AM$1 | AT35: =N35-$AM$1 | AZ35: =IF(X35="",NA(),X35-$AM$1) | BB35: =IF(Y35="",NA(),Y35)
A36: =IF(B36="","",35) | B36: =IF(Yeterlilik!$B$43="","",Yeterlilik!$B$43) | K36: =NA() | L36: =NA() | N36: =$AD$1+34*(($AE$1-$AD$1)/119) | O36: =IF(Yeterlilik!$N$30=0,0,Yeterlilik!$N$24*$AF$1*NORMDIST(N36,Yeterlilik!$N$25,Yeterlilik!$N$30,FALSE)) | X36: =IF(35>Yeterlilik!$N$24,"",SMALL($B$2:$B$126,35)) | Y36: =IF(X36="","",NORMSINV((35-0.375)/(Yeterlilik!$N$24+0.25))) | AH36: =IF(X36="","",NORMSDIST((X36-Yeterlilik!$N$25)/Yeterlilik!$N$30)) | AI36: =IF(OR(X36="",AH36<=0,AH36>=1),0,(35*2-1)*(LN(AH36)+LN(1-INDEX($AH$2:$AH$126,Yeterlilik!$N$24+1-35)))) | AM36: =IF(B36="",NA(),B36-$AM$1) | AS36: =K36-$AM$1 | AT36: =N36-$AM$1 | AZ36: =IF(X36="",NA(),X36-$AM$1) | BB36: =IF(Y36="",NA(),Y36)
A37: =IF(B37="","",36) | B37: =IF(Yeterlilik!$B$44="","",Yeterlilik!$B$44) | K37: =NA() | L37: =NA() | N37: =$AD$1+35*(($AE$1-$AD$1)/119) | O37: =IF(Yeterlilik!$N$30=0,0,Yeterlilik!$N$24*$AF$1*NORMDIST(N37,Yeterlilik!$N$25,Yeterlilik!$N$30,FALSE)) | X37: =IF(36>Yeterlilik!$N$24,"",SMALL($B$2:$B$126,36)) | Y37: =IF(X37="","",NORMSINV((36-0.375)/(Yeterlilik!$N$24+0.25))) | AH37: =IF(X37="","",NORMSDIST((X37-Yeterlilik!$N$25)/Yeterlilik!$N$30)) | AI37: =IF(OR(X37="",AH37<=0,AH37>=1),0,(36*2-1)*(LN(AH37)+LN(1-INDEX($AH$2:$AH$126,Yeterlilik!$N$24+1-36)))) | AM37: =IF(B37="",NA(),B37-$AM$1) | AS37: =K37-$AM$1 | AT37: =N37-$AM$1 | AZ37: =IF(X37="",NA(),X37-$AM$1) | BB37: =IF(Y37="",NA(),Y37)
A38: =IF(B38="","",37) | B38: =IF(Yeterlilik!$B$45="","",Yeterlilik!$B$45) | K38: =NA() | L38: =NA() | N38: =$AD$1+36*(($AE$1-$AD$1)/119) | O38: =IF(Yeterlilik!$N$30=0,0,Yeterlilik!$N$24*$AF$1*NORMDIST(N38,Yeterlilik!$N$25,Yeterlilik!$N$30,FALSE)) | X38: =IF(37>Yeterlilik!$N$24,"",SMALL($B$2:$B$126,37)) | Y38: =IF(X38="","",NORMSINV((37-0.375)/(Yeterlilik!$N$24+0.25))) | AH38: =IF(X38="","",NORMSDIST((X38-Yeterlilik!$N$25)/Yeterlilik!$N$30)) | AI38: =IF(OR(X38="",AH38<=0,AH38>=1),0,(37*2-1)*(LN(AH38)+LN(1-INDEX($AH$2:$AH$126,Yeterlilik!$N$24+1-37)))) | AM38: =IF(B38="",NA(),B38-$AM$1) | AS38: =K38-$AM$1 | AT38: =N38-$AM$1 | AZ38: =IF(X38="",NA(),X38-$AM$1) | BB38: =IF(Y38="",NA(),Y38)
A39: =IF(B39="","",38) | B39: =IF(Yeterlilik!$B$46="","",Yeterlilik!$B$46) | K39: =NA() | L39: =NA() | N39: =$AD$1+37*(($AE$1-$AD$1)/119) | O39: =IF(Yeterlilik!$N$30=0,0,Yeterlilik!$N$24*$AF$1*NORMDIST(N39,Yeterlilik!$N$25,Yeterlilik!$N$30,FALSE)) | X39: =IF(38>Yeterlilik!$N$24,"",SMALL($B$2:$B$126,38)) | Y39: =IF(X39="","",NORMSINV((38-0.375)/(Yeterlilik!$N$24+0.25))) | AH39: =IF(X39="","",NORMSDIST((X39-Yeterlilik!$N$25)/Yeterlilik!$N$30)) | AI39: =IF(OR(X39="",AH39<=0,AH39>=1),0,(38*2-1)*(LN(AH39)+LN(1-INDEX($AH$2:$AH$126,Yeterlilik!$N$24+1-38)))) | AM39: =IF(B39="",NA(),B39-$AM$1) | AS39: =K39-$AM$1 | AT39: =N39-$AM$1 | AZ39: =IF(X39="",NA(),X39-$AM$1) | BB39: =IF(Y39="",NA(),Y39)
A40: =IF(B40="","",39) | B40: =IF(Yeterlilik!$B$47="","",Yeterlilik!$B$47) | K40: =NA() | L40: =NA() | N40: =$AD$1+38*(($AE$1-$AD$1)/119) | O40: =IF(Yeterlilik!$N$30=0,0,Yeterlilik!$N$24*$AF$1*NORMDIST(N40,Yeterlilik!$N$25,Yeterlilik!$N$30,FALSE)) | X40: =IF(39>Yeterlilik!$N$24,"",SMALL($B$2:$B$126,39)) | Y40: =IF(X40="","",NORMSINV((39-0.375)/(Yeterlilik!$N$24+0.25))) | AH40: =IF(X40="","",NORMSDIST((X40-Yeterlilik!$N$25)/Yeterlilik!$N$30)) | AI40: =IF(OR(X40="",AH40<=0,AH40>=1),0,(39*2-1)*(LN(AH40)+LN(1-INDEX($AH$2:$AH$126,Yeterlilik!$N$24+1-39)))) | AM40: =IF(B40="",NA(),B40-$AM$1) | AS40: =K40-$AM$1 | AT40: =N40-$AM$1 | AZ40: =IF(X40="",NA(),X40-$AM$1) | BB40: =IF(Y40="",NA(),Y40)
A41: =IF(B41="","",40) | B41: =IF(Yeterlilik!$B$48="","",Yeterlilik!$B$48) | K41: =NA() | L41: =NA() | N41: =$AD$1+39*(($AE$1-$AD$1)/119) | O41: =IF(Yeterlilik!$N$30=0,0,Yeterlilik!$N$24*$AF$1*NORMDIST(N41,Yeterlilik!$N$25,Yeterlilik!$N$30,FALSE)) | X41: =IF(40>Yeterlilik!$N$24,"",SMALL($B$2:$B$126,40)) | Y41: =IF(X41="","",NORMSINV((40-0.375)/(Yeterlilik!$N$24+0.25))) | AH41: =IF(X41="","",NORMSDIST((X41-Yeterlilik!$N$25)/Yeterlilik!$N$30)) | AI41: =IF(OR(X41="",AH41<=0,AH41>=1),0,(40*2-1)*(LN(AH41)+LN(1-INDEX($AH$2:$AH$126,Yeterlilik!$N$24+1-40)))) | AM41: =IF(B41="",NA(),B41-$AM$1) | AS41: =K41-$AM$1 | AT41: =N41-$AM$1 | AZ41: =IF(X41="",NA(),X41-$AM$1) | BB41: =IF(Y41="",NA(),Y41)
A42: =IF(B42="","",41) | B42: =IF(Yeterlilik!$B$49="","",Yeterlilik!$B$49) | K42: =NA() | L42: =NA() | N42: =$AD$1+40*(($AE$1-$AD$1)/119) | O42: =IF(Yeterlilik!$N$30=0,0,Yeterlilik!$N$24*$AF$1*NORMDIST(N42,Yeterlilik!$N$25,Yeterlilik!$N$30,FALSE)) | X42: =IF(41>Yeterlilik!$N$24,"",SMALL($B$2:$B$126,41)) | Y42: =IF(X42="","",NORMSINV((41-0.375)/(Yeterlilik!$N$24+0.25))) | AH42: =IF(X42="","",NORMSDIST((X42-Yeterlilik!$N$25)/Yeterlilik!$N$30)) | AI42: =IF(OR(X42="",AH42<=0,AH42>=1),0,(41*2-1)*(LN(AH42)+LN(1-INDEX($AH$2:$AH$126,Yeterlilik!$N$24+1-41)))) | AM42: =IF(B42="",NA(),B42-$AM$1) | AS42: =K42-$AM$1 | AT42: =N42-$AM$1 | AZ42: =IF(X42="",NA(),X42-$AM$1) | BB42: =IF(Y42="",NA(),Y42)
A43: =IF(B43="","",42) | B43: =IF(Yeterlilik!$B$50="","",Yeterlilik!$B$50) | K43: =NA() | L43: =NA() | N43: =$AD$1+41*(($AE$1-$AD$1)/119) | O43: =IF(Yeterlilik!$N$30=0,0,Yeterlilik!$N$24*$AF$1*NORMDIST(N43,Yeterlilik!$N$25,Yeterlilik!$N$30,FALSE)) | X43: =IF(42>Yeterlilik!$N$24,"",SMALL($B$2:$B$126,42)) | Y43: =IF(X43="","",NORMSINV((42-0.375)/(Yeterlilik!$N$24+0.25))) | AH43: =IF(X43="","",NORMSDIST((X43-Yeterlilik!$N$25)/Yeterlilik!$N$30)) | AI43: =IF(OR(X43="",AH43<=0,AH43>=1),0,(42*2-1)*(LN(AH43)+LN(1-INDEX($AH$2:$AH$126,Yeterlilik!$N$24+1-42)))) | AM43: =IF(B43="",NA(),B43-$AM$1) | AS43: =K43-$AM$1 | AT43: =N43-$AM$1 | AZ43: =IF(X43="",NA(),X43-$AM$1) | BB43: =IF(Y43="",NA(),Y43)
A44: =IF(B44="","",43) | B44: =IF(Yeterlilik!$B$51="","",Yeterlilik!$B$51) | K44: =NA() | L44: =NA() | N44: =$AD$1+42*(($AE$1-$AD$1)/119) | O44: =IF(Yeterlilik!$N$30=0,0,Yeterlilik!$N$24*$AF$1*NORMDIST(N44,Yeterlilik!$N$25,Yeterlilik!$N$30,FALSE)) | X44: =IF(43>Yeterlilik!$N$24,"",SMALL($B$2:$B$126,43)) | Y44: =IF(X44="","",NORMSINV((43-0.375)/(Yeterlilik!$N$24+0.25))) | AH44: =IF(X44="","",NORMSDIST((X44-Yeterlilik!$N$25)/Yeterlilik!$N$30)) | AI44: =IF(OR(X44="",AH44<=0,AH44>=1),0,(43*2-1)*(LN(AH44)+LN(1-INDEX($AH$2:$AH$126,Yeterlilik!$N$24+1-43)))) | AM44: =IF(B44="",NA(),B44-$AM$1) | AS44: =K44-$AM$1 | AT44: =N44-$AM$1 | AZ44: =IF(X44="",NA(),X44-$AM$1) | BB44: =IF(Y44="",NA(),Y44)
A45: =IF(B45="","",44) | B45: =IF(Yeterlilik!$B$52="","",Yeterlilik!$B$52) | K45: =NA() | L45: =NA() | N45: =$AD$1+43*(($AE$1-$AD$1)/119) | O45: =IF(Yeterlilik!$N$30=0,0,Yeterlilik!$N$24*$AF$1*NORMDIST(N45,Yeterlilik!$N$25,Yeterlilik!$N$30,FALSE)) | X45: =IF(44>Yeterlilik!$N$24,"",SMALL($B$2:$B$126,44)) | Y45: =IF(X45="","",NORMSINV((44-0.375)/(Yeterlilik!$N$24+0.25))) | AH45: =IF(X45="","",NORMSDIST((X45-Yeterlilik!$N$25)/Yeterlilik!$N$30)) | AI45: =IF(OR(X45="",AH45<=0,AH45>=1),0,(44*2-1)*(LN(AH45)+LN(1-INDEX($AH$2:$AH$126,Yeterlilik!$N$24+1-44)))) | AM45: =IF(B45="",NA(),B45-$AM$1) | AS45: =K45-$AM$1 | AT45: =N45-$AM$1 | AZ45: =IF(X45="",NA(),X45-$AM$1) | BB45: =IF(Y45="",NA(),Y45)
A46: =IF(B46="","",45) | B46: =IF(Yeterlilik!$B$53="","",Yeterlilik!$B$53) | K46: =NA() | L46: =NA() | N46: =$AD$1+44*(($AE$1-$AD$1)/119) | O46: =IF(Yeterlilik!$N$30=0,0,Yeterlilik!$N$24*$AF$1*NORMDIST(N46,Yeterlilik!$N$25,Yeterlilik!$N$30,FALSE)) | X46: =IF(45>Yeterlilik!$N$24,"",SMALL($B$2:$B$126,45)) | Y46: =IF(X46="","",NORMSINV((45-0.375)/(Yeterlilik!$N$24+0.25))) | AH46: =IF(X46="","",NORMSDIST((X46-Yeterlilik!$N$25)/Yeterlilik!$N$30)) | AI46: =IF(OR(X46="",AH46<=0,AH46>=1),0,(45*2-1)*(LN(AH46)+LN(1-INDEX($AH$2:$AH$126,Yeterlilik!$N$24+1-45)))) | AM46: =IF(B46="",NA(),B46-$AM$1) | AS46: =K46-$AM$1 | AT46: =N46-$AM$1 | AZ46: =IF(X46="",NA(),X46-$AM$1) | BB46: =IF(Y46="",NA(),Y46)
A47: =IF(B47="","",46) | B47: =IF(Yeterlilik!$B$54="","",Yeterlilik!$B$54) | K47: =NA() | L47: =NA() | N47: =$AD$1+45*(($AE$1-$AD$1)/119) | O47: =IF(Yeterlilik!$N$30=0,0,Yeterlilik!$N$24*$AF$1*NORMDIST(N47,Yeterlilik!$N$25,Yeterlilik!$N$30,FALSE)) | X47: =IF(46>Yeterlilik!$N$24,"",SMALL($B$2:$B$126,46)) | Y47: =IF(X47="","",NORMSINV((46-0.375)/(Yeterlilik!$N$24+0.25))) | AH47: =IF(X47="","",NORMSDIST((X47-Yeterlilik!$N$25)/Yeterlilik!$N$30)) | AI47: =IF(OR(X47="",AH47<=0,AH47>=1),0,(46*2-1)*(LN(AH47)+LN(1-INDEX($AH$2:$AH$126,Yeterlilik!$N$24+1-46)))) | AM47: =IF(B47="",NA(),B47-$AM$1) | AS47: =K47-$AM$1 | AT47: =N47-$AM$1 | AZ47: =IF(X47="",NA(),X47-$AM$1) | BB47: =IF(Y47="",NA(),Y47)
A48: =IF(B48="","",47) | B48: =IF(Yeterlilik!$B$55="","",Yeterlilik!$B$55) | N48: =$AD$1+46*(($AE$1-$AD$1)/119) | O48: =IF(Yeterlilik!$N$30=0,0,Yeterlilik!$N$24*$AF$1*NORMDIST(N48,Yeterlilik!$N$25,Yeterlilik!$N$30,FALSE)) | X48: =IF(47>Yeterlilik!$N$24,"",SMALL($B$2:$B$126,47)) | Y48: =IF(X48="","",NORMSINV((47-0.375)/(Yeterlilik!$N$24+0.25))) | AH48: =IF(X48="","",NORMSDIST((X48-Yeterlilik!$N$25)/Yeterlilik!$N$30)) | AI48: =IF(OR(X48="",AH48<=0,AH48>=1),0,(47*2-1)*(LN(AH48)+LN(1-INDEX($AH$2:$AH$126,Yeterlilik!$N$24+1-47)))) | AM48: =IF(B48="",NA(),B48-$AM$1) | AT48: =N48-$AM$1 | AZ48: =IF(X48="",NA(),X48-$AM$1) | BB48: =IF(Y48="",NA(),Y48)
A49: =IF(B49="","",48) | B49: =IF(Yeterlilik!$B$56="","",Yeterlilik!$B$56) | N49: =$AD$1+47*(($AE$1-$AD$1)/119) | O49: =IF(Yeterlilik!$N$30=0,0,Yeterlilik!$N$24*$AF$1*NORMDIST(N49,Yeterlilik!$N$25,Yeterlilik!$N$30,FALSE)) | X49: =IF(48>Yeterlilik!$N$24,"",SMALL($B$2:$B$126,48)) | Y49: =IF(X49="","",NORMSINV((48-0.375)/(Yeterlilik!$N$24+0.25))) | AH49: =IF(X49="","",NORMSDIST((X49-Yeterlilik!$N$25)/Yeterlilik!$N$30)) | AI49: =IF(OR(X49="",AH49<=0,AH49>=1),0,(48*2-1)*(LN(AH49)+LN(1-INDEX($AH$2:$AH$126,Yeterlilik!$N$24+1-48)))) | AM49: =IF(B49="",NA(),B49-$AM$1) | AT49: =N49-$AM$1 | AZ49: =IF(X49="",NA(),X49-$AM$1) | BB49: =IF(Y49="",NA(),Y49)
A50: =IF(B50="","",49) | B50: =IF(Yeterlilik!$B$57="","",Yeterlilik!$B$57) | N50: =$AD$1+48*(($AE$1-$AD$1)/119) | O50: =IF(Yeterlilik!$N$30=0,0,Yeterlilik!$N$24*$AF$1*NORMDIST(N50,Yeterlilik!$N$25,Yeterlilik!$N$30,FALSE)) | X50: =IF(49>Yeterlilik!$N$24,"",SMALL($B$2:$B$126,49)) | Y50: =IF(X50="","",NORMSINV((49-0.375)/(Yeterlilik!$N$24+0.25))) | AH50: =IF(X50="","",NORMSDIST((X50-Yeterlilik!$N$25)/Yeterlilik!$N$30)) | AI50: =IF(OR(X50="",AH50<=0,AH50>=1),0,(49*2-1)*(LN(AH50)+LN(1-INDEX($AH$2:$AH$126,Yeterlilik!$N$24+1-49)))) | AM50: =IF(B50="",NA(),B50-$AM$1) | AT50: =N50-$AM$1 | AZ50: =IF(X50="",NA(),X50-$AM$1) | BB50: =IF(Y50="",NA(),Y50)
A51: =IF(B51="","",50) | B51: =IF(Yeterlilik!$B$58="","",Yeterlilik!$B$58) | N51: =$AD$1+49*(($AE$1-$AD$1)/119) | O51: =IF(Yeterlilik!$N$30=0,0,Yeterlilik!$N$24*$AF$1*NORMDIST(N51,Yeterlilik!$N$25,Yeterlilik!$N$30,FALSE)) | X51: =IF(50>Yeterlilik!$N$24,"",SMALL($B$2:$B$126,50)) | Y51: =IF(X51="","",NORMSINV((50-0.375)/(Yeterlilik!$N$24+0.25))) | AH51: =IF(X51="","",NORMSDIST((X51-Yeterlilik!$N$25)/Yeterlilik!$N$30)) | AI51: =IF(OR(X51="",AH51<=0,AH51>=1),0,(50*2-1)*(LN(AH51)+LN(1-INDEX($AH$2:$AH$126,Yeterlilik!$N$24+1-50)))) | AM51: =IF(B51="",NA(),B51-$AM$1) | AT51: =N51-$AM$1 | AZ51: =IF(X51="",NA(),X51-$AM$1) | BB51: =IF(Y51="",NA(),Y51)
A52: =IF(B52="","",51) | B52: =IF(Yeterlilik!$D$9="","",Yeterlilik!$D$9) | N52: =$AD$1+50*(($AE$1-$AD$1)/119) | O52: =IF(Yeterlilik!$N$30=0,0,Yeterlilik!$N$24*$AF$1*NORMDIST(N52,Yeterlilik!$N$25,Yeterlilik!$N$30,FALSE)) | X52: =IF(51>Yeterlilik!$N$24,"",SMALL($B$2:$B$126,51)) | Y52: =IF(X52="","",NORMSINV((51-0.375)/(Yeterlilik!$N$24+0.25))) | AH52: =IF(X52="","",NORMSDIST((X52-Yeterlilik!$N$25)/Yeterlilik!$N$30)) | AI52: =IF(OR(X52="",AH52<=0,AH52>=1),0,(51*2-1)*(LN(AH52)+LN(1-INDEX($AH$2:$AH$126,Yeterlilik!$N$24+1-51)))) | AM52: =IF(B52="",NA(),B52-$AM$1) | AT52: =N52-$AM$1 | AZ52: =IF(X52="",NA(),X52-$AM$1) | BB52: =IF(Y52="",NA(),Y52)
A53: =IF(B53="","",52) | B53: =IF(Yeterlilik!$D$10="","",Yeterlilik!$D$10) | N53: =$AD$1+51*(($AE$1-$AD$1)/119) | O53: =IF(Yeterlilik!$N$30=0,0,Yeterlilik!$N$24*$AF$1*NORMDIST(N53,Yeterlilik!$N$25,Yeterlilik!$N$30,FALSE)) | X53: =IF(52>Yeterlilik!$N$24,"",SMALL($B$2:$B$126,52)) | Y53: =IF(X53="","",NORMSINV((52-0.375)/(Yeterlilik!$N$24+0.25))) | AH53: =IF(X53="","",NORMSDIST((X53-Yeterlilik!$N$25)/Yeterlilik!$N$30)) | AI53: =IF(OR(X53="",AH53<=0,AH53>=1),0,(52*2-1)*(LN(AH53)+LN(1-INDEX($AH$2:$AH$126,Yeterlilik!$N$24+1-52)))) | AM53: =IF(B53="",NA(),B53-$AM$1) | AT53: =N53-$AM$1 | AZ53: =IF(X53="",NA(),X53-$AM$1) | BB53: =IF(Y53="",NA(),Y53)
A54: =IF(B54="","",53) | B54: =IF(Yeterlilik!$D$11="","",Yeterlilik!$D$11) | N54: =$AD$1+52*(($AE$1-$AD$1)/119) | O54: =IF(Yeterlilik!$N$30=0,0,Yeterlilik!$N$24*$AF$1*NORMDIST(N54,Yeterlilik!$N$25,Yeterlilik!$N$30,FALSE)) | X54: =IF(53>Yeterlilik!$N$24,"",SMALL($B$2:$B$126,53)) | Y54: =IF(X54="","",NORMSINV((53-0.375)/(Yeterlilik!$N$24+0.25))) | AH54: =IF(X54="","",NORMSDIST((X54-Yeterlilik!$N$25)/Yeterlilik!$N$30)) | AI54: =IF(OR(X54="",AH54<=0,AH54>=1),0,(53*2-1)*(LN(AH54)+LN(1-INDEX($AH$2:$AH$126,Yeterlilik!$N$24+1-53)))) | AM54: =IF(B54="",NA(),B54-$AM$1) | AT54: =N54-$AM$1 | AZ54: =IF(X54="",NA(),X54-$AM$1) | BB54: =IF(Y54="",NA(),Y54)
A55: =IF(B55="","",54) | B55: =IF(Yeterlilik!$D$12="","",Yeterlilik!$D$12) | N55: =$AD$1+53*(($AE$1-$AD$1)/119) | O55: =IF(Yeterlilik!$N$30=0,0,Yeterlilik!$N$24*$AF$1*NORMDIST(N55,Yeterlilik!$N$25,Yeterlilik!$N$30,FALSE)) | X55: =IF(54>Yeterlilik!$N$24,"",SMALL($B$2:$B$126,54)) | Y55: =IF(X55="","",NORMSINV((54-0.375)/(Yeterlilik!$N$24+0.25))) | AH55: =IF(X55="","",NORMSDIST((X55-Yeterlilik!$N$25)/Yeterlilik!$N$30)) | AI55: =IF(OR(X55="",AH55<=0,AH55>=1),0,(54*2-1)*(LN(AH55)+LN(1-INDEX($AH$2:$AH$126,Yeterlilik!$N$24+1-54)))) | AM55: =IF(B55="",NA(),B55-$AM$1) | AT55: =N55-$AM$1 | AZ55: =IF(X55="",NA(),X55-$AM$1) | BB55: =IF(Y55="",NA(),Y55)
A56: =IF(B56="","",55) | B56: =IF(Yeterlilik!$D$13="","",Yeterlilik!$D$13) | N56: =$AD$1+54*(($AE$1-$AD$1)/119) | O56: =IF(Yeterlilik!$N$30=0,0,Yeterlilik!$N$24*$AF$1*NORMDIST(N56,Yeterlilik!$N$25,Yeterlilik!$N$30,FALSE)) | X56: =IF(55>Yeterlilik!$N$24,"",SMALL($B$2:$B$126,55)) | Y56: =IF(X56="","",NORMSINV((55-0.375)/(Yeterlilik!$N$24+0.25))) | AH56: =IF(X56="","",NORMSDIST((X56-Yeterlilik!$N$25)/Yeterlilik!$N$30)) | AI56: =IF(OR(X56="",AH56<=0,AH56>=1),0,(55*2-1)*(LN(AH56)+LN(1-INDEX($AH$2:$AH$126,Yeterlilik!$N$24+1-55)))) | AM56: =IF(B56="",NA(),B56-$AM$1) | AT56: =N56-$AM$1 | AZ56: =IF(X56="",NA(),X56-$AM$1) | BB56: =IF(Y56="",NA(),Y56)
A57: =IF(B57="","",56) | B57: =IF(Yeterlilik!$D$14="","",Yeterlilik!$D$14) | N57: =$AD$1+55*(($AE$1-$AD$1)/119) | O57: =IF(Yeterlilik!$N$30=0,0,Yeterlilik!$N$24*$AF$1*NORMDIST(N57,Yeterlilik!$N$25,Yeterlilik!$N$30,FALSE)) | X57: =IF(56>Yeterlilik!$N$24,"",SMALL($B$2:$B$126,56)) | Y57: =IF(X57="","",NORMSINV((56-0.375)/(Yeterlilik!$N$24+0.25))) | AH57: =IF(X57="","",NORMSDIST((X57-Yeterlilik!$N$25)/Yeterlilik!$N$30)) | AI57: =IF(OR(X57="",AH57<=0,AH57>=1),0,(56*2-1)*(LN(AH57)+LN(1-INDEX($AH$2:$AH$126,Yeterlilik!$N$24+1-56)))) | AM57: =IF(B57="",NA(),B57-$AM$1) | AT57: =N57-$AM$1 | AZ57: =IF(X57="",NA(),X57-$AM$1) | BB57: =IF(Y57="",NA(),Y57)
A58: =IF(B58="","",57) | B58: =IF(Yeterlilik!$D$15="","",Yeterlilik!$D$15) | N58: =$AD$1+56*(($AE$1-$AD$1)/119) | O58: =IF(Yeterlilik!$N$30=0,0,Yeterlilik!$N$24*$AF$1*NORMDIST(N58,Yeterlilik!$N$25,Yeterlilik!$N$30,FALSE)) | X58: =IF(57>Yeterlilik!$N$24,"",SMALL($B$2:$B$126,57)) | Y58: =IF(X58="","",NORMSINV((57-0.375)/(Yeterlilik!$N$24+0.25))) | AH58: =IF(X58="","",NORMSDIST((X58-Yeterlilik!$N$25)/Yeterlilik!$N$30)) | AI58: =IF(OR(X58="",AH58<=0,AH58>=1),0,(57*2-1)*(LN(AH58)+LN(1-INDEX($AH$2:$AH$126,Yeterlilik!$N$24+1-57)))) | AM58: =IF(B58="",NA(),B58-$AM$1) | AT58: =N58-$AM$1 | AZ58: =IF(X58="",NA(),X58-$AM$1) | BB58: =IF(Y58="",NA(),Y58)
A59: =IF(B59="","",58) | B59: =IF(Yeterlilik!$D$16="","",Yeterlilik!$D$16) | N59: =$AD$1+57*(($AE$1-$AD$1)/119) | O59: =IF(Yeterlilik!$N$30=0,0,Yeterlilik!$N$24*$AF$1*NORMDIST(N59,Yeterlilik!$N$25,Yeterlilik!$N$30,FALSE)) | X59: =IF(58>Yeterlilik!$N$24,"",SMALL($B$2:$B$126,58)) | Y59: =IF(X59="","",NORMSINV((58-0.375)/(Yeterlilik!$N$24+0.25))) | AH59: =IF(X59="","",NORMSDIST((X59-Yeterlilik!$N$25)/Yeterlilik!$N$30)) | AI59: =IF(OR(X59="",AH59<=0,AH59>=1),0,(58*2-1)*(LN(AH59)+LN(1-INDEX($AH$2:$AH$126,Yeterlilik!$N$24+1-58)))) | AM59: =IF(B59="",NA(),B59-$AM$1) | AT59: =N59-$AM$1 | AZ59: =IF(X59="",NA(),X59-$AM$1) | BB59: =IF(Y59="",NA(),Y59)
A60: =IF(B60="","",59) | B60: =IF(Yeterlilik!$D$17="","",Yeterlilik!$D$17) | N60: =$AD$1+58*(($AE$1-$AD$1)/119) | O60: =IF(Yeterlilik!$N$30=0,0,Yeterlilik!$N$24*$AF$1*NORMDIST(N60,Yeterlilik!$N$25,Yeterlilik!$N$30,FALSE)) | X60: =IF(59>Yeterlilik!$N$24,"",SMALL($B$2:$B$126,59)) | Y60: =IF(X60="","",NORMSINV((59-0.375)/(Yeterlilik!$N$24+0.25))) | AH60: =IF(X60="","",NORMSDIST((X60-Yeterlilik!$N$25)/Yeterlilik!$N$30)) | AI60: =IF(OR(X60="",AH60<=0,AH60>=1),0,(59*2-1)*(LN(AH60)+LN(1-INDEX($AH$2:$AH$126,Yeterlilik!$N$24+1-59)))) | AM60: =IF(B60="",NA(),B60-$AM$1) | AT60: =N60-$AM$1 | AZ60: =IF(X60="",NA(),X60-$AM$1) | BB60: =IF(Y60="",NA(),Y60)
A61: =IF(B61="","",60) | B61: =IF(Yeterlilik!$D$18="","",Yeterlilik!$D$18) | N61: =$AD$1+59*(($AE$1-$AD$1)/119) | O61: =IF(Yeterlilik!$N$30=0,0,Yeterlilik!$N$24*$AF$1*NORMDIST(N61,Yeterlilik!$N$25,Yeterlilik!$N$30,FALSE)) | X61: =IF(60>Yeterlilik!$N$24,"",SMALL($B$2:$B$126,60)) | Y61: =IF(X61="","",NORMSINV((60-0.375)/(Yeterlilik!$N$24+0.25))) | AH61: =IF(X61="","",NORMSDIST((X61-Yeterlilik!$N$25)/Yeterlilik!$N$30)) | AI61: =IF(OR(X61="",AH61<=0,AH61>=1),0,(60*2-1)*(LN(AH61)+LN(1-INDEX($AH$2:$AH$126,Yeterlilik!$N$24+1-60)))) | AM61: =IF(B61="",NA(),B61-$AM$1) | AT61: =N61-$AM$1 | AZ61: =IF(X61="",NA(),X61-$AM$1) | BB61: =IF(Y61="",NA(),Y61)
A62: =IF(B62="","",61) | B62: =IF(Yeterlilik!$D$19="","",Yeterlilik!$D$19) | N62: =$AD$1+60*(($AE$1-$AD$1)/119) | O62: =IF(Yeterlilik!$N$30=0,0,Yeterlilik!$N$24*$AF$1*NORMDIST(N62,Yeterlilik!$N$25,Yeterlilik!$N$30,FALSE)) | X62: =IF(61>Yeterlilik!$N$24,"",SMALL($B$2:$B$126,61)) | Y62: =IF(X62="","",NORMSINV((61-0.375)/(Yeterlilik!$N$24+0.25))) | AH62: =IF(X62="","",NORMSDIST((X62-Yeterlilik!$N$25)/Yeterlilik!$N$30)) | AI62: =IF(OR(X62="",AH62<=0,AH62>=1),0,(61*2-1)*(LN(AH62)+LN(1-INDEX($AH$2:$AH$126,Yeterlilik!$N$24+1-61)))) | AM62: =IF(B62="",NA(),B62-$AM$1) | AT62: =N62-$AM$1 | AZ62: =IF(X62="",NA(),X62-$AM$1) | BB62: =IF(Y62="",NA(),Y62)
A63: =IF(B63="","",62) | B63: =IF(Yeterlilik!$D$20="","",Yeterlilik!$D$20) | N63: =$AD$1+61*(($AE$1-$AD$1)/119) | O63: =IF(Yeterlilik!$N$30=0,0,Yeterlilik!$N$24*$AF$1*NORMDIST(N63,Yeterlilik!$N$25,Yeterlilik!$N$30,FALSE)) | X63: =IF(62>Yeterlilik!$N$24,"",SMALL($B$2:$B$126,62)) | Y63: =IF(X63="","",NORMSINV((62-0.375)/(Yeterlilik!$N$24+0.25))) | AH63: =IF(X63="","",NORMSDIST((X63-Yeterlilik!$N$25)/Yeterlilik!$N$30)) | AI63: =IF(OR(X63="",AH63<=0,AH63>=1),0,(62*2-1)*(LN(AH63)+LN(1-INDEX($AH$2:$AH$126,Yeterlilik!$N$24+1-62)))) | AM63: =IF(B63="",NA(),B63-$AM$1) | AT63: =N63-$AM$1 | AZ63: =IF(X63="",NA(),X63-$AM$1) | BB63: =IF(Y63="",NA(),Y63)
A64: =IF(B64="","",63) | B64: =IF(Yeterlilik!$D$21="","",Yeterlilik!$D$21) | N64: =$AD$1+62*(($AE$1-$AD$1)/119) | O64: =IF(Yeterlilik!$N$30=0,0,Yeterlilik!$N$24*$AF$1*NORMDIST(N64,Yeterlilik!$N$25,Yeterlilik!$N$30,FALSE)) | X64: =IF(63>Yeterlilik!$N$24,"",SMALL($B$2:$B$126,63)) | Y64: =IF(X64="","",NORMSINV((63-0.375)/(Yeterlilik!$N$24+0.25))) | AH64: =IF(X64="","",NORMSDIST((X64-Yeterlilik!$N$25)/Yeterlilik!$N$30)) | AI64: =IF(OR(X64="",AH64<=0,AH64>=1),0,(63*2-1)*(LN(AH64)+LN(1-INDEX($AH$2:$AH$126,Yeterlilik!$N$24+1-63)))) | AM64: =IF(B64="",NA(),B64-$AM$1) | AT64: =N64-$AM$1 | AZ64: =IF(X64="",NA(),X64-$AM$1) | BB64: =IF(Y64="",NA(),Y64)
A65: =IF(B65="","",64) | B65: =IF(Yeterlilik!$D$22="","",Yeterlilik!$D$22) | N65: =$AD$1+63*(($AE$1-$AD$1)/119) | O65: =IF(Yeterlilik!$N$30=0,0,Yeterlilik!$N$24*$AF$1*NORMDIST(N65,Yeterlilik!$N$25,Yeterlilik!$N$30,FALSE)) | X65: =IF(64>Yeterlilik!$N$24,"",SMALL($B$2:$B$126,64)) | Y65: =IF(X65="","",NORMSINV((64-0.375)/(Yeterlilik!$N$24+0.25))) | AH65: =IF(X65="","",NORMSDIST((X65-Yeterlilik!$N$25)/Yeterlilik!$N$30)) | AI65: =IF(OR(X65="",AH65<=0,AH65>=1),0,(64*2-1)*(LN(AH65)+LN(1-INDEX($AH$2:$AH$126,Yeterlilik!$N$24+1-64)))) | AM65: =IF(B65="",NA(),B65-$AM$1) | AT65: =N65-$AM$1 | AZ65: =IF(X65="",NA(),X65-$AM$1) | BB65: =IF(Y65="",NA(),Y65)
A66: =IF(B66="","",65) | B66: =IF(Yeterlilik!$D$23="","",Yeterlilik!$D$23) | N66: =$AD$1+64*(($AE$1-$AD$1)/119) | O66: =IF(Yeterlilik!$N$30=0,0,Yeterlilik!$N$24*$AF$1*NORMDIST(N66,Yeterlilik!$N$25,Yeterlilik!$N$30,FALSE)) | X66: =IF(65>Yeterlilik!$N$24,"",SMALL($B$2:$B$126,65)) | Y66: =IF(X66="","",NORMSINV((65-0.375)/(Yeterlilik!$N$24+0.25))) | AH66: =IF(X66="","",NORMSDIST((X66-Yeterlilik!$N$25)/Yeterlilik!$N$30)) | AI66: =IF(OR(X66="",AH66<=0,AH66>=1),0,(65*2-1)*(LN(AH66)+LN(1-INDEX($AH$2:$AH$126,Yeterlilik!$N$24+1-65)))) | AM66: =IF(B66="",NA(),B66-$AM$1) | AT66: =N66-$AM$1 | AZ66: =IF(X66="",NA(),X66-$AM$1) | BB66: =IF(Y66="",NA(),Y66)
A67: =IF(B67="","",66) | B67: =IF(Yeterlilik!$D$24="","",Yeterlilik!$D$24) | N67: =$AD$1+65*(($AE$1-$AD$1)/119) | O67: =IF(Yeterlilik!$N$30=0,0,Yeterlilik!$N$24*$AF$1*NORMDIST(N67,Yeterlilik!$N$25,Yeterlilik!$N$30,FALSE)) | X67: =IF(66>Yeterlilik!$N$24,"",SMALL($B$2:$B$126,66)) | Y67: =IF(X67="","",NORMSINV((66-0.375)/(Yeterlilik!$N$24+0.25))) | AH67: =IF(X67="","",NORMSDIST((X67-Yeterlilik!$N$25)/Yeterlilik!$N$30)) | AI67: =IF(OR(X67="",AH67<=0,AH67>=1),0,(66*2-1)*(LN(AH67)+LN(1-INDEX($AH$2:$AH$126,Yeterlilik!$N$24+1-66)))) | AM67: =IF(B67="",NA(),B67-$AM$1) | AT67: =N67-$AM$1 | AZ67: =IF(X67="",NA(),X67-$AM$1) | BB67: =IF(Y67="",NA(),Y67)
A68: =IF(B68="","",67) | B68: =IF(Yeterlilik!$D$25="","",Yeterlilik!$D$25) | N68: =$AD$1+66*(($AE$1-$AD$1)/119) | O68: =IF(Yeterlilik!$N$30=0,0,Yeterlilik!$N$24*$AF$1*NORMDIST(N68,Yeterlilik!$N$25,Yeterlilik!$N$30,FALSE)) | X68: =IF(67>Yeterlilik!$N$24,"",SMALL($B$2:$B$126,67)) | Y68: =IF(X68="","",NORMSINV((67-0.375)/(Yeterlilik!$N$24+0.25))) | AH68: =IF(X68="","",NORMSDIST((X68-Yeterlilik!$N$25)/Yeterlilik!$N$30)) | AI68: =IF(OR(X68="",AH68<=0,AH68>=1),0,(67*2-1)*(LN(AH68)+LN(1-INDEX($AH$2:$AH$126,Yeterlilik!$N$24+1-67)))) | AM68: =IF(B68="",NA(),B68-$AM$1) | AT68: =N68-$AM$1 | AZ68: =IF(X68="",NA(),X68-$AM$1) | BB68: =IF(Y68="",NA(),Y68)
A69: =IF(B69="","",68) | B69: =IF(Yeterlilik!$D$26="","",Yeterlilik!$D$26) | N69: =$AD$1+67*(($AE$1-$AD$1)/119) | O69: =IF(Yeterlilik!$N$30=0,0,Yeterlilik!$N$24*$AF$1*NORMDIST(N69,Yeterlilik!$N$25,Yeterlilik!$N$30,FALSE)) | X69: =IF(68>Yeterlilik!$N$24,"",SMALL($B$2:$B$126,68)) | Y69: =IF(X69="","",NORMSINV((68-0.375)/(Yeterlilik!$N$24+0.25))) | AH69: =IF(X69="","",NORMSDIST((X69-Yeterlilik!$N$25)/Yeterlilik!$N$30)) | AI69: =IF(OR(X69="",AH69<=0,AH69>=1),0,(68*2-1)*(LN(AH69)+LN(1-INDEX($AH$2:$AH$126,Yeterlilik!$N$24+1-68)))) | AM69: =IF(B69="",NA(),B69-$AM$1) | AT69: =N69-$AM$1 | AZ69: =IF(X69="",NA(),X69-$AM$1) | BB69: =IF(Y69="",NA(),Y69)
A70: =IF(B70="","",69) | B70: =IF(Yeterlilik!$D$27="","",Yeterlilik!$D$27) | N70: =$AD$1+68*(($AE$1-$AD$1)/119) | O70: =IF(Yeterlilik!$N$30=0,0,Yeterlilik!$N$24*$AF$1*NORMDIST(N70,Yeterlilik!$N$25,Yeterlilik!$N$30,FALSE)) | X70: =IF(69>Yeterlilik!$N$24,"",SMALL($B$2:$B$126,69)) | Y70: =IF(X70="","",NORMSINV((69-0.375)/(Yeterlilik!$N$24+0.25))) | AH70: =IF(X70="","",NORMSDIST((X70-Yeterlilik!$N$25)/Yeterlilik!$N$30)) | AI70: =IF(OR(X70="",AH70<=0,AH70>=1),0,(69*2-1)*(LN(AH70)+LN(1-INDEX($AH$2:$AH$126,Yeterlilik!$N$24+1-69)))) | AM70: =IF(B70="",NA(),B70-$AM$1) | AT70: =N70-$AM$1 | AZ70: =IF(X70="",NA(),X70-$AM$1) | BB70: =IF(Y70="",NA(),Y70)
A71: =IF(B71="","",70) | B71: =IF(Yeterlilik!$D$28="","",Yeterlilik!$D$28) | N71: =$AD$1+69*(($AE$1-$AD$1)/119) | O71: =IF(Yeterlilik!$N$30=0,0,Yeterlilik!$N$24*$AF$1*NORMDIST(N71,Yeterlilik!$N$25,Yeterlilik!$N$30,FALSE)) | X71: =IF(70>Yeterlilik!$N$24,"",SMALL($B$2:$B$126,70)) | Y71: =IF(X71="","",NORMSINV((70-0.375)/(Yeterlilik!$N$24+0.25))) | AH71: =IF(X71="","",NORMSDIST((X71-Yeterlilik!$N$25)/Yeterlilik!$N$30)) | AI71: =IF(OR(X71="",AH71<=0,AH71>=1),0,(70*2-1)*(LN(AH71)+LN(1-INDEX($AH$2:$AH$126,Yeterlilik!$N$24+1-70)))) | AM71: =IF(B71="",NA(),B71-$AM$1) | AT71: =N71-$AM$1 | AZ71: =IF(X71="",NA(),X71-$AM$1) | BB71: =IF(Y71="",NA(),Y71)
A72: =IF(B72="","",71) | B72: =IF(Yeterlilik!$D$29="","",Yeterlilik!$D$29) | N72: =$AD$1+70*(($AE$1-$AD$1)/119) | O72: =IF(Yeterlilik!$N$30=0,0,Yeterlilik!$N$24*$AF$1*NORMDIST(N72,Yeterlilik!$N$25,Yeterlilik!$N$30,FALSE)) | X72: =IF(71>Yeterlilik!$N$24,"",SMALL($B$2:$B$126,71)) | Y72: =IF(X72="","",NORMSINV((71-0.375)/(Yeterlilik!$N$24+0.25))) | AH72: =IF(X72="","",NORMSDIST((X72-Yeterlilik!$N$25)/Yeterlilik!$N$30)) | AI72: =IF(OR(X72="",AH72<=0,AH72>=1),0,(71*2-1)*(LN(AH72)+LN(1-INDEX($AH$2:$AH$126,Yeterlilik!$N$24+1-71)))) | AM72: =IF(B72="",NA(),B72-$AM$1) | AT72: =N72-$AM$1 | AZ72: =IF(X72="",NA(),X72-$AM$1) | BB72: =IF(Y72="",NA(),Y72)
A73: =IF(B73="","",72) | B73: =IF(Yeterlilik!$D$30="","",Yeterlilik!$D$30) | N73: =$AD$1+71*(($AE$1-$AD$1)/119) | O73: =IF(Yeterlilik!$N$30=0,0,Yeterlilik!$N$24*$AF$1*NORMDIST(N73,Yeterlilik!$N$25,Yeterlilik!$N$30,FALSE)) | X73: =IF(72>Yeterlilik!$N$24,"",SMALL($B$2:$B$126,72)) | Y73: =IF(X73="","",NORMSINV((72-0.375)/(Yeterlilik!$N$24+0.25))) | AH73: =IF(X73="","",NORMSDIST((X73-Yeterlilik!$N$25)/Yeterlilik!$N$30)) | AI73: =IF(OR(X73="",AH73<=0,AH73>=1),0,(72*2-1)*(LN(AH73)+LN(1-INDEX($AH$2:$AH$126,Yeterlilik!$N$24+1-72)))) | AM73: =IF(B73="",NA(),B73-$AM$1) | AT73: =N73-$AM$1 | AZ73: =IF(X73="",NA(),X73-$AM$1) | BB73: =IF(Y73="",NA(),Y73)
A74: =IF(B74="","",73) | B74: =IF(Yeterlilik!$D$31="","",Yeterlilik!$D$31) | N74: =$AD$1+72*(($AE$1-$AD$1)/119) | O74: =IF(Yeterlilik!$N$30=0,0,Yeterlilik!$N$24*$AF$1*NORMDIST(N74,Yeterlilik!$N$25,Yeterlilik!$N$30,FALSE)) | X74: =IF(73>Yeterlilik!$N$24,"",SMALL($B$2:$B$126,73)) | Y74: =IF(X74="","",NORMSINV((73-0.375)/(Yeterlilik!$N$24+0.25))) | AH74: =IF(X74="","",NORMSDIST((X74-Yeterlilik!$N$25)/Yeterlilik!$N$30)) | AI74: =IF(OR(X74="",AH74<=0,AH74>=1),0,(73*2-1)*(LN(AH74)+LN(1-INDEX($AH$2:$AH$126,Yeterlilik!$N$24+1-73)))) | AM74: =IF(B74="",NA(),B74-$AM$1) | AT74: =N74-$AM$1 | AZ74: =IF(X74="",NA(),X74-$AM$1) | BB74: =IF(Y74="",NA(),Y74)
A75: =IF(B75="","",74) | B75: =IF(Yeterlilik!$D$32="","",Yeterlilik!$D$32) | N75: =$AD$1+73*(($AE$1-$AD$1)/119) | O75: =IF(Yeterlilik!$N$30=0,0,Yeterlilik!$N$24*$AF$1*NORMDIST(N75,Yeterlilik!$N$25,Yeterlilik!$N$30,FALSE)) | X75: =IF(74>Yeterlilik!$N$24,"",SMALL($B$2:$B$126,74)) | Y75: =IF(X75="","",NORMSINV((74-0.375)/(Yeterlilik!$N$24+0.25))) | AH75: =IF(X75="","",NORMSDIST((X75-Yeterlilik!$N$25)/Yeterlilik!$N$30)) | AI75: =IF(OR(X75="",AH75<=0,AH75>=1),0,(74*2-1)*(LN(AH75)+LN(1-INDEX($AH$2:$AH$126,Yeterlilik!$N$24+1-74)))) | AM75: =IF(B75="",NA(),B75-$AM$1) | AT75: =N75-$AM$1 | AZ75: =IF(X75="",NA(),X75-$AM$1) | BB75: =IF(Y75="",NA(),Y75)
A76: =IF(B76="","",75) | B76: =IF(Yeterlilik!$D$33="","",Yeterlilik!$D$33) | N76: =$AD$1+74*(($AE$1-$AD$1)/119) | O76: =IF(Yeterlilik!$N$30=0,0,Yeterlilik!$N$24*$AF$1*NORMDIST(N76,Yeterlilik!$N$25,Yeterlilik!$N$30,FALSE)) | X76: =IF(75>Yeterlilik!$N$24,"",SMALL($B$2:$B$126,75)) | Y76: =IF(X76="","",NORMSINV((75-0.375)/(Yeterlilik!$N$24+0.25))) | AH76: =IF(X76="","",NORMSDIST((X76-Yeterlilik!$N$25)/Yeterlilik!$N$30)) | AI76: =IF(OR(X76="",AH76<=0,AH76>=1),0,(75*2-1)*(LN(AH76)+LN(1-INDEX($AH$2:$AH$126,Yeterlilik!$N$24+1-75)))) | AM76: =IF(B76="",NA(),B76-$AM$1) | AT76: =N76-$AM$1 | AZ76: =IF(X76="",NA(),X76-$AM$1) | BB76: =IF(Y76="",NA(),Y76)
A77: =IF(B77="","",76) | B77: =IF(Yeterlilik!$D$34="","",Yeterlilik!$D$34) | N77: =$AD$1+75*(($AE$1-$AD$1)/119) | O77: =IF(Yeterlilik!$N$30=0,0,Yeterlilik!$N$24*$AF$1*NORMDIST(N77,Yeterlilik!$N$25,Yeterlilik!$N$30,FALSE)) | X77: =IF(76>Yeterlilik!$N$24,"",SMALL($B$2:$B$126,76)) | Y77: =IF(X77="","",NORMSINV((76-0.375)/(Yeterlilik!$N$24+0.25))) | AH77: =IF(X77="","",NORMSDIST((X77-Yeterlilik!$N$25)/Yeterlilik!$N$30)) | AI77: =IF(OR(X77="",AH77<=0,AH77>=1),0,(76*2-1)*(LN(AH77)+LN(1-INDEX($AH$2:$AH$126,Yeterlilik!$N$24+1-76)))) | AM77: =IF(B77="",NA(),B77-$AM$1) | AT77: =N77-$AM$1 | AZ77: =IF(X77="",NA(),X77-$AM$1) | BB77: =IF(Y77="",NA(),Y77)
A78: =IF(B78="","",77) | B78: =IF(Yeterlilik!$D$35="","",Yeterlilik!$D$35) | N78: =$AD$1+76*(($AE$1-$AD$1)/119) | O78: =IF(Yeterlilik!$N$30=0,0,Yeterlilik!$N$24*$AF$1*NORMDIST(N78,Yeterlilik!$N$25,Yeterlilik!$N$30,FALSE)) | X78: =IF(77>Yeterlilik!$N$24,"",SMALL($B$2:$B$126,77)) | Y78: =IF(X78="","",NORMSINV((77-0.375)/(Yeterlilik!$N$24+0.25))) | AH78: =IF(X78="","",NORMSDIST((X78-Yeterlilik!$N$25)/Yeterlilik!$N$30)) | AI78: =IF(OR(X78="",AH78<=0,AH78>=1),0,(77*2-1)*(LN(AH78)+LN(1-INDEX($AH$2:$AH$126,Yeterlilik!$N$24+1-77)))) | AM78: =IF(B78="",NA(),B78-$AM$1) | AT78: =N78-$AM$1 | AZ78: =IF(X78="",NA(),X78-$AM$1) | BB78: =IF(Y78="",NA(),Y78)
A79: =IF(B79="","",78) | B79: =IF(Yeterlilik!$D$36="","",Yeterlilik!$D$36) | N79: =$AD$1+77*(($AE$1-$AD$1)/119) | O79: =IF(Yeterlilik!$N$30=0,0,Yeterlilik!$N$24*$AF$1*NORMDIST(N79,Yeterlilik!$N$25,Yeterlilik!$N$30,FALSE)) | X79: =IF(78>Yeterlilik!$N$24,"",SMALL($B$2:$B$126,78)) | Y79: =IF(X79="","",NORMSINV((78-0.375)/(Yeterlilik!$N$24+0.25))) | AH79: =IF(X79="","",NORMSDIST((X79-Yeterlilik!$N$25)/Yeterlilik!$N$30)) | AI79: =IF(OR(X79="",AH79<=0,AH79>=1),0,(78*2-1)*(LN(AH79)+LN(1-INDEX($AH$2:$AH$126,Yeterlilik!$N$24+1-78)))) | AM79: =IF(B79="",NA(),B79-$AM$1) | AT79: =N79-$AM$1 | AZ79: =IF(X79="",NA(),X79-$AM$1) | BB79: =IF(Y79="",NA(),Y79)
A80: =IF(B80="","",79) | B80: =IF(Yeterlilik!$D$37="","",Yeterlilik!$D$37) | N80: =$AD$1+78*(($AE$1-$AD$1)/119) | O80: =IF(Yeterlilik!$N$30=0,0,Yeterlilik!$N$24*$AF$1*NORMDIST(N80,Yeterlilik!$N$25,Yeterlilik!$N$30,FALSE)) | X80: =IF(79>Yeterlilik!$N$24,"",SMALL($B$2:$B$126,79)) | Y80: =IF(X80="","",NORMSINV((79-0.375)/(Yeterlilik!$N$24+0.25))) | AH80: =IF(X80="","",NORMSDIST((X80-Yeterlilik!$N$25)/Yeterlilik!$N$30)) | AI80: =IF(OR(X80="",AH80<=0,AH80>=1),0,(79*2-1)*(LN(AH80)+LN(1-INDEX($AH$2:$AH$126,Yeterlilik!$N$24+1-79)))) | AM80: =IF(B80="",NA(),B80-$AM$1) | AT80: =N80-$AM$1 | AZ80: =IF(X80="",NA(),X80-$AM$1) | BB80: =IF(Y80="",NA(),Y80)
A81: =IF(B81="","",80) | B81: =IF(Yeterlilik!$D$38="","",Yeterlilik!$D$38) | N81: =$AD$1+79*(($AE$1-$AD$1)/119) | O81: =IF(Yeterlilik!$N$30=0,0,Yeterlilik!$N$24*$AF$1*NORMDIST(N81,Yeterlilik!$N$25,Yeterlilik!$N$30,FALSE)) | X81: =IF(80>Yeterlilik!$N$24,"",SMALL($B$2:$B$126,80)) | Y81: =IF(X81="","",NORMSINV((80-0.375)/(Yeterlilik!$N$24+0.25))) | AH81: =IF(X81="","",NORMSDIST((X81-Yeterlilik!$N$25)/Yeterlilik!$N$30)) | AI81: =IF(OR(X81="",AH81<=0,AH81>=1),0,(80*2-1)*(LN(AH81)+LN(1-INDEX($AH$2:$AH$126,Yeterlilik!$N$24+1-80)))) | AM81: =IF(B81="",NA(),B81-$AM$1) | AT81: =N81-$AM$1 | AZ81: =IF(X81="",NA(),X81-$AM$1) | BB81: =IF(Y81="",NA(),Y81)
A82: =IF(B82="","",81) | B82: =IF(Yeterlilik!$D$39="","",Yeterlilik!$D$39) | N82: =$AD$1+80*(($AE$1-$AD$1)/119) | O82: =IF(Yeterlilik!$N$30=0,0,Yeterlilik!$N$24*$AF$1*NORMDIST(N82,Yeterlilik!$N$25,Yeterlilik!$N$30,FALSE)) | X82: =IF(81>Yeterlilik!$N$24,"",SMALL($B$2:$B$126,81)) | Y82: =IF(X82="","",NORMSINV((81-0.375)/(Yeterlilik!$N$24+0.25))) | AH82: =IF(X82="","",NORMSDIST((X82-Yeterlilik!$N$25)/Yeterlilik!$N$30)) | AI82: =IF(OR(X82="",AH82<=0,AH82>=1),0,(81*2-1)*(LN(AH82)+LN(1-INDEX($AH$2:$AH$126,Yeterlilik!$N$24+1-81)))) | AM82: =IF(B82="",NA(),B82-$AM$1) | AT82: =N82-$AM$1 | AZ82: =IF(X82="",NA(),X82-$AM$1) | BB82: =IF(Y82="",NA(),Y82)
A83: =IF(B83="","",82) | B83: =IF(Yeterlilik!$D$40="","",Yeterlilik!$D$40) | N83: =$AD$1+81*(($AE$1-$AD$1)/119) | O83: =IF(Yeterlilik!$N$30=0,0,Yeterlilik!$N$24*$AF$1*NORMDIST(N83,Yeterlilik!$N$25,Yeterlilik!$N$30,FALSE)) | X83: =IF(82>Yeterlilik!$N$24,"",SMALL($B$2:$B$126,82)) | Y83: =IF(X83="","",NORMSINV((82-0.375)/(Yeterlilik!$N$24+0.25))) | AH83: =IF(X83="","",NORMSDIST((X83-Yeterlilik!$N$25)/Yeterlilik!$N$30)) | AI83: =IF(OR(X83="",AH83<=0,AH83>=1),0,(82*2-1)*(LN(AH83)+LN(1-INDEX($AH$2:$AH$126,Yeterlilik!$N$24+1-82)))) | AM83: =IF(B83="",NA(),B83-$AM$1) | AT83: =N83-$AM$1 | AZ83: =IF(X83="",NA(),X83-$AM$1) | BB83: =IF(Y83="",NA(),Y83)
A84: =IF(B84="","",83) | B84: =IF(Yeterlilik!$D$41="","",Yeterlilik!$D$41) | N84: =$AD$1+82*(($AE$1-$AD$1)/119) | O84: =IF(Yeterlilik!$N$30=0,0,Yeterlilik!$N$24*$AF$1*NORMDIST(N84,Yeterlilik!$N$25,Yeterlilik!$N$30,FALSE)) | X84: =IF(83>Yeterlilik!$N$24,"",SMALL($B$2:$B$126,83)) | Y84: =IF(X84="","",NORMSINV((83-0.375)/(Yeterlilik!$N$24+0.25))) | AH84: =IF(X84="","",NORMSDIST((X84-Yeterlilik!$N$25)/Yeterlilik!$N$30)) | AI84: =IF(OR(X84="",AH84<=0,AH84>=1),0,(83*2-1)*(LN(AH84)+LN(1-INDEX($AH$2:$AH$126,Yeterlilik!$N$24+1-83)))) | AM84: =IF(B84="",NA(),B84-$AM$1) | AT84: =N84-$AM$1 | AZ84: =IF(X84="",NA(),X84-$AM$1) | BB84: =IF(Y84="",NA(),Y84)
A85: =IF(B85="","",84) | B85: =IF(Yeterlilik!$D$42="","",Yeterlilik!$D$42) | N85: =$AD$1+83*(($AE$1-$AD$1)/119) | O85: =IF(Yeterlilik!$N$30=0,0,Yeterlilik!$N$24*$AF$1*NORMDIST(N85,Yeterlilik!$N$25,Yeterlilik!$N$30,FALSE)) | X85: =IF(84>Yeterlilik!$N$24,"",SMALL($B$2:$B$126,84)) | Y85: =IF(X85="","",NORMSINV((84-0.375)/(Yeterlilik!$N$24+0.25))) | AH85: =IF(X85="","",NORMSDIST((X85-Yeterlilik!$N$25)/Yeterlilik!$N$30)) | AI85: =IF(OR(X85="",AH85<=0,AH85>=1),0,(84*2-1)*(LN(AH85)+LN(1-INDEX($AH$2:$AH$126,Yeterlilik!$N$24+1-84)))) | AM85: =IF(B85="",NA(),B85-$AM$1) | AT85: =N85-$AM$1 | AZ85: =IF(X85="",NA(),X85-$AM$1) | BB85: =IF(Y85="",NA(),Y85)
A86: =IF(B86="","",85) | B86: =IF(Yeterlilik!$D$43="","",Yeterlilik!$D$43) | N86: =$AD$1+84*(($AE$1-$AD$1)/119) | O86: =IF(Yeterlilik!$N$30=0,0,Yeterlilik!$N$24*$AF$1*NORMDIST(N86,Yeterlilik!$N$25,Yeterlilik!$N$30,FALSE)) | X86: =IF(85>Yeterlilik!$N$24,"",SMALL($B$2:$B$126,85)) | Y86: =IF(X86="","",NORMSINV((85-0.375)/(Yeterlilik!$N$24+0.25))) | AH86: =IF(X86="","",NORMSDIST((X86-Yeterlilik!$N$25)/Yeterlilik!$N$30)) | AI86: =IF(OR(X86="",AH86<=0,AH86>=1),0,(85*2-1)*(LN(AH86)+LN(1-INDEX($AH$2:$AH$126,Yeterlilik!$N$24+1-85)))) | AM86: =IF(B86="",NA(),B86-$AM$1) | AT86: =N86-$AM$1 | AZ86: =IF(X86="",NA(),X86-$AM$1) | BB86: =IF(Y86="",NA(),Y86)
A87: =IF(B87="","",86) | B87: =IF(Yeterlilik!$D$44="","",Yeterlilik!$D$44) | N87: =$AD$1+85*(($AE$1-$AD$1)/119) | O87: =IF(Yeterlilik!$N$30=0,0,Yeterlilik!$N$24*$AF$1*NORMDIST(N87,Yeterlilik!$N$25,Yeterlilik!$N$30,FALSE)) | X87: =IF(86>Yeterlilik!$N$24,"",SMALL($B$2:$B$126,86)) | Y87: =IF(X87="","",NORMSINV((86-0.375)/(Yeterlilik!$N$24+0.25))) | AH87: =IF(X87="","",NORMSDIST((X87-Yeterlilik!$N$25)/Yeterlilik!$N$30)) | AI87: =IF(OR(X87="",AH87<=0,AH87>=1),0,(86*2-1)*(LN(AH87)+LN(1-INDEX($AH$2:$AH$126,Yeterlilik!$N$24+1-86)))) | AM87: =IF(B87="",NA(),B87-$AM$1) | AT87: =N87-$AM$1 | AZ87: =IF(X87="",NA(),X87-$AM$1) | BB87: =IF(Y87="",NA(),Y87)
A88: =IF(B88="","",87) | B88: =IF(Yeterlilik!$D$45="","",Yeterlilik!$D$45) | N88: =$AD$1+86*(($AE$1-$AD$1)/119) | O88: =IF(Yeterlilik!$N$30=0,0,Yeterlilik!$N$24*$AF$1*NORMDIST(N88,Yeterlilik!$N$25,Yeterlilik!$N$30,FALSE)) | X88: =IF(87>Yeterlilik!$N$24,"",SMALL($B$2:$B$126,87)) | Y88: =IF(X88="","",NORMSINV((87-0.375)/(Yeterlilik!$N$24+0.25))) | AH88: =IF(X88="","",NORMSDIST((X88-Yeterlilik!$N$25)/Yeterlilik!$N$30)) | AI88: =IF(OR(X88="",AH88<=0,AH88>=1),0,(87*2-1)*(LN(AH88)+LN(1-INDEX($AH$2:$AH$126,Yeterlilik!$N$24+1-87)))) | AM88: =IF(B88="",NA(),B88-$AM$1) | AT88: =N88-$AM$1 | AZ88: =IF(X88="",NA(),X88-$AM$1) | BB88: =IF(Y88="",NA(),Y88)
A89: =IF(B89="","",88) | B89: =IF(Yeterlilik!$D$46="","",Yeterlilik!$D$46) | N89: =$AD$1+87*(($AE$1-$AD$1)/119) | O89: =IF(Yeterlilik!$N$30=0,0,Yeterlilik!$N$24*$AF$1*NORMDIST(N89,Yeterlilik!$N$25,Yeterlilik!$N$30,FALSE)) | X89: =IF(88>Yeterlilik!$N$24,"",SMALL($B$2:$B$126,88)) | Y89: =IF(X89="","",NORMSINV((88-0.375)/(Yeterlilik!$N$24+0.25))) | AH89: =IF(X89="","",NORMSDIST((X89-Yeterlilik!$N$25)/Yeterlilik!$N$30)) | AI89: =IF(OR(X89="",AH89<=0,AH89>=1),0,(88*2-1)*(LN(AH89)+LN(1-INDEX($AH$2:$AH$126,Yeterlilik!$N$24+1-88)))) | AM89: =IF(B89="",NA(),B89-$AM$1) | AT89: =N89-$AM$1 | AZ89: =IF(X89="",NA(),X89-$AM$1) | BB89: =IF(Y89="",NA(),Y89)
A90: =IF(B90="","",89) | B90: =IF(Yeterlilik!$D$47="","",Yeterlilik!$D$47) | N90: =$AD$1+88*(($AE$1-$AD$1)/119) | O90: =IF(Yeterlilik!$N$30=0,0,Yeterlilik!$N$24*$AF$1*NORMDIST(N90,Yeterlilik!$N$25,Yeterlilik!$N$30,FALSE)) | X90: =IF(89>Yeterlilik!$N$24,"",SMALL($B$2:$B$126,89)) | Y90: =IF(X90="","",NORMSINV((89-0.375)/(Yeterlilik!$N$24+0.25))) | AH90: =IF(X90="","",NORMSDIST((X90-Yeterlilik!$N$25)/Yeterlilik!$N$30)) | AI90: =IF(OR(X90="",AH90<=0,AH90>=1),0,(89*2-1)*(LN(AH90)+LN(1-INDEX($AH$2:$AH$126,Yeterlilik!$N$24+1-89)))) | AM90: =IF(B90="",NA(),B90-$AM$1) | AT90: =N90-$AM$1 | AZ90: =IF(X90="",NA(),X90-$AM$1) | BB90: =IF(Y90="",NA(),Y90)
A91: =IF(B91="","",90) | B91: =IF(Yeterlilik!$D$48="","",Yeterlilik!$D$48) | N91: =$AD$1+89*(($AE$1-$AD$1)/119) | O91: =IF(Yeterlilik!$N$30=0,0,Yeterlilik!$N$24*$AF$1*NORMDIST(N91,Yeterlilik!$N$25,Yeterlilik!$N$30,FALSE)) | X91: =IF(90>Yeterlilik!$N$24,"",SMALL($B$2:$B$126,90)) | Y91: =IF(X91="","",NORMSINV((90-0.375)/(Yeterlilik!$N$24+0.25))) | AH91: =IF(X91="","",NORMSDIST((X91-Yeterlilik!$N$25)/Yeterlilik!$N$30)) | AI91: =IF(OR(X91="",AH91<=0,AH91>=1),0,(90*2-1)*(LN(AH91)+LN(1-INDEX($AH$2:$AH$126,Yeterlilik!$N$24+1-90)))) | AM91: =IF(B91="",NA(),B91-$AM$1) | AT91: =N91-$AM$1 | AZ91: =IF(X91="",NA(),X91-$AM$1) | BB91: =IF(Y91="",NA(),Y91)
A92: =IF(B92="","",91) | B92: =IF(Yeterlilik!$D$49="","",Yeterlilik!$D$49) | N92: =$AD$1+90*(($AE$1-$AD$1)/119) | O92: =IF(Yeterlilik!$N$30=0,0,Yeterlilik!$N$24*$AF$1*NORMDIST(N92,Yeterlilik!$N$25,Yeterlilik!$N$30,FALSE)) | X92: =IF(91>Yeterlilik!$N$24,"",SMALL($B$2:$B$126,91)) | Y92: =IF(X92="","",NORMSINV((91-0.375)/(Yeterlilik!$N$24+0.25))) | AH92: =IF(X92="","",NORMSDIST((X92-Yeterlilik!$N$25)/Yeterlilik!$N$30)) | AI92: =IF(OR(X92="",AH92<=0,AH92>=1),0,(91*2-1)*(LN(AH92)+LN(1-INDEX($AH$2:$AH$126,Yeterlilik!$N$24+1-91)))) | AM92: =IF(B92="",NA(),B92-$AM$1) | AT92: =N92-$AM$1 | AZ92: =IF(X92="",NA(),X92-$AM$1) | BB92: =IF(Y92="",NA(),Y92)
A93: =IF(B93="","",92) | B93: =IF(Yeterlilik!$D$50="","",Yeterlilik!$D$50) | N93: =$AD$1+91*(($AE$1-$AD$1)/119) | O93: =IF(Yeterlilik!$N$30=0,0,Yeterlilik!$N$24*$AF$1*NORMDIST(N93,Yeterlilik!$N$25,Yeterlilik!$N$30,FALSE)) | X93: =IF(92>Yeterlilik!$N$24,"",SMALL($B$2:$B$126,92)) | Y93: =IF(X93="","",NORMSINV((92-0.375)/(Yeterlilik!$N$24+0.25))) | AH93: =IF(X93="","",NORMSDIST((X93-Yeterlilik!$N$25)/Yeterlilik!$N$30)) | AI93: =IF(OR(X93="",AH93<=0,AH93>=1),0,(92*2-1)*(LN(AH93)+LN(1-INDEX($AH$2:$AH$126,Yeterlilik!$N$24+1-92)))) | AM93: =IF(B93="",NA(),B93-$AM$1) | AT93: =N93-$AM$1 | AZ93: =IF(X93="",NA(),X93-$AM$1) | BB93: =IF(Y93="",NA(),Y93)
A94: =IF(B94="","",93) | B94: =IF(Yeterlilik!$D$51="","",Yeterlilik!$D$51) | N94: =$AD$1+92*(($AE$1-$AD$1)/119) | O94: =IF(Yeterlilik!$N$30=0,0,Yeterlilik!$N$24*$AF$1*NORMDIST(N94,Yeterlilik!$N$25,Yeterlilik!$N$30,FALSE)) | X94: =IF(93>Yeterlilik!$N$24,"",SMALL($B$2:$B$126,93)) | Y94: =IF(X94="","",NORMSINV((93-0.375)/(Yeterlilik!$N$24+0.25))) | AH94: =IF(X94="","",NORMSDIST((X94-Yeterlilik!$N$25)/Yeterlilik!$N$30)) | AI94: =IF(OR(X94="",AH94<=0,AH94>=1),0,(93*2-1)*(LN(AH94)+LN(1-INDEX($AH$2:$AH$126,Yeterlilik!$N$24+1-93)))) | AM94: =IF(B94="",NA(),B94-$AM$1) | AT94: =N94-$AM$1 | AZ94: =IF(X94="",NA(),X94-$AM$1) | BB94: =IF(Y94="",NA(),Y94)
A95: =IF(B95="","",94) | B95: =IF(Yeterlilik!$D$52="","",Yeterlilik!$D$52) | N95: =$AD$1+93*(($AE$1-$AD$1)/119) | O95: =IF(Yeterlilik!$N$30=0,0,Yeterlilik!$N$24*$AF$1*NORMDIST(N95,Yeterlilik!$N$25,Yeterlilik!$N$30,FALSE)) | X95: =IF(94>Yeterlilik!$N$24,"",SMALL($B$2:$B$126,94)) | Y95: =IF(X95="","",NORMSINV((94-0.375)/(Yeterlilik!$N$24+0.25))) | AH95: =IF(X95="","",NORMSDIST((X95-Yeterlilik!$N$25)/Yeterlilik!$N$30)) | AI95: =IF(OR(X95="",AH95<=0,AH95>=1),0,(94*2-1)*(LN(AH95)+LN(1-INDEX($AH$2:$AH$126,Yeterlilik!$N$24+1-94)))) | AM95: =IF(B95="",NA(),B95-$AM$1) | AT95: =N95-$AM$1 | AZ95: =IF(X95="",NA(),X95-$AM$1) | BB95: =IF(Y95="",NA(),Y95)
A96: =IF(B96="","",95) | B96: =IF(Yeterlilik!$D$53="","",Yeterlilik!$D$53) | N96: =$AD$1+94*(($AE$1-$AD$1)/119) | O96: =IF(Yeterlilik!$N$30=0,0,Yeterlilik!$N$24*$AF$1*NORMDIST(N96,Yeterlilik!$N$25,Yeterlilik!$N$30,FALSE)) | X96: =IF(95>Yeterlilik!$N$24,"",SMALL($B$2:$B$126,95)) | Y96: =IF(X96="","",NORMSINV((95-0.375)/(Yeterlilik!$N$24+0.25))) | AH96: =IF(X96="","",NORMSDIST((X96-Yeterlilik!$N$25)/Yeterlilik!$N$30)) | AI96: =IF(OR(X96="",AH96<=0,AH96>=1),0,(95*2-1)*(LN(AH96)+LN(1-INDEX($AH$2:$AH$126,Yeterlilik!$N$24+1-95)))) | AM96: =IF(B96="",NA(),B96-$AM$1) | AT96: =N96-$AM$1 | AZ96: =IF(X96="",NA(),X96-$AM$1) | BB96: =IF(Y96="",NA(),Y96)
A97: =IF(B97="","",96) | B97: =IF(Yeterlilik!$D$54="","",Yeterlilik!$D$54) | N97: =$AD$1+95*(($AE$1-$AD$1)/119) | O97: =IF(Yeterlilik!$N$30=0,0,Yeterlilik!$N$24*$AF$1*NORMDIST(N97,Yeterlilik!$N$25,Yeterlilik!$N$30,FALSE)) | X97: =IF(96>Yeterlilik!$N$24,"",SMALL($B$2:$B$126,96)) | Y97: =IF(X97="","",NORMSINV((96-0.375)/(Yeterlilik!$N$24+0.25))) | AH97: =IF(X97="","",NORMSDIST((X97-Yeterlilik!$N$25)/Yeterlilik!$N$30)) | AI97: =IF(OR(X97="",AH97<=0,AH97>=1),0,(96*2-1)*(LN(AH97)+LN(1-INDEX($AH$2:$AH$126,Yeterlilik!$N$24+1-96)))) | AM97: =IF(B97="",NA(),B97-$AM$1) | AT97: =N97-$AM$1 | AZ97: =IF(X97="",NA(),X97-$AM$1) | BB97: =IF(Y97="",NA(),Y97)
A98: =IF(B98="","",97) | B98: =IF(Yeterlilik!$D$55="","",Yeterlilik!$D$55) | N98: =$AD$1+96*(($AE$1-$AD$1)/119) | O98: =IF(Yeterlilik!$N$30=0,0,Yeterlilik!$N$24*$AF$1*NORMDIST(N98,Yeterlilik!$N$25,Yeterlilik!$N$30,FALSE)) | X98: =IF(97>Yeterlilik!$N$24,"",SMALL($B$2:$B$126,97)) | Y98: =IF(X98="","",NORMSINV((97-0.375)/(Yeterlilik!$N$24+0.25))) | AH98: =IF(X98="","",NORMSDIST((X98-Yeterlilik!$N$25)/Yeterlilik!$N$30)) | AI98: =IF(OR(X98="",AH98<=0,AH98>=1),0,(97*2-1)*(LN(AH98)+LN(1-INDEX($AH$2:$AH$126,Yeterlilik!$N$24+1-97)))) | AM98: =IF(B98="",NA(),B98-$AM$1) | AT98: =N98-$AM$1 | AZ98: =IF(X98="",NA(),X98-$AM$1) | BB98: =IF(Y98="",NA(),Y98)
A99: =IF(B99="","",98) | B99: =IF(Yeterlilik!$D$56="","",Yeterlilik!$D$56) | N99: =$AD$1+97*(($AE$1-$AD$1)/119) | O99: =IF(Yeterlilik!$N$30=0,0,Yeterlilik!$N$24*$AF$1*NORMDIST(N99,Yeterlilik!$N$25,Yeterlilik!$N$30,FALSE)) | X99: =IF(98>Yeterlilik!$N$24,"",SMALL($B$2:$B$126,98)) | Y99: =IF(X99="","",NORMSINV((98-0.375)/(Yeterlilik!$N$24+0.25))) | AH99: =IF(X99="","",NORMSDIST((X99-Yeterlilik!$N$25)/Yeterlilik!$N$30)) | AI99: =IF(OR(X99="",AH99<=0,AH99>=1),0,(98*2-1)*(LN(AH99)+LN(1-INDEX($AH$2:$AH$126,Yeterlilik!$N$24+1-98)))) | AM99: =IF(B99="",NA(),B99-$AM$1) | AT99: =N99-$AM$1 | AZ99: =IF(X99="",NA(),X99-$AM$1) | BB99: =IF(Y99="",NA(),Y99)
A100: =IF(B100="","",99) | B100: =IF(Yeterlilik!$D$57="","",Yeterlilik!$D$57) | N100: =$AD$1+98*(($AE$1-$AD$1)/119) | O100: =IF(Yeterlilik!$N$30=0,0,Yeterlilik!$N$24*$AF$1*NORMDIST(N100,Yeterlilik!$N$25,Yeterlilik!$N$30,FALSE)) | X100: =IF(99>Yeterlilik!$N$24,"",SMALL($B$2:$B$126,99)) | Y100: =IF(X100="","",NORMSINV((99-0.375)/(Yeterlilik!$N$24+0.25))) | AH100: =IF(X100="","",NORMSDIST((X100-Yeterlilik!$N$25)/Yeterlilik!$N$30)) | AI100: =IF(OR(X100="",AH100<=0,AH100>=1),0,(99*2-1)*(LN(AH100)+LN(1-INDEX($AH$2:$AH$126,Yeterlilik!$N$24+1-99)))) | AM100: =IF(B100="",NA(),B100-$AM$1) | AT100: =N100-$AM$1 | AZ100: =IF(X100="",NA(),X100-$AM$1) | BB100: =IF(Y100="",NA(),Y100)
...
